,words,freq
0,aaron,19
1,aback,3
2,abaft,2
3,abase,5
4,abash,1
5,abate,1
6,abbas,1
7,abbes,1
8,abbey,16
9,abbot,1
10,abdul,1
11,abeam,1
12,abets,1
13,abhor,12
14,abide,17
15,abler,1
16,abner,16
17,abode,16
18,abort,1
19,about,19
20,above,19
21,abram,15
22,abuja,1
23,abuse,10
24,abuts,1
25,abuzz,1
26,abyss,12
27,accra,1
28,ached,1
29,aches,8
30,achoo,1
31,acids,1
32,acing,1
33,acmes,1
34,acorn,10
35,acres,6
36,acrid,2
37,acrux,1
38,acted,13
39,acton,1
40,actor,13
41,acuff,1
42,acute,7
43,adage,1
44,adams,1
45,adana,1
46,adapt,2
47,added,18
48,adder,8
49,addie,1
50,addle,1
51,adela,1
52,adele,1
53,adept,1
54,adieu,11
55,adios,1
56,adler,1
57,adman,1
58,admen,1
59,admin,1
60,admit,15
61,admix,1
62,adobe,1
63,adolf,1
64,adopt,10
65,adore,11
66,adorn,9
67,adult,3
68,advil,1
69,adzes,1
70,aegis,1
71,aerie,1
72,aesop,1
73,afaik,1
74,affix,2
75,afire,2
76,afoot,5
77,afoul,1
78,afros,1
79,after,19
80,again,19
81,agana,1
82,agape,1
83,agate,3
84,agave,1
85,agent,14
86,aggie,1
87,aggro,1
88,agile,2
89,aging,1
90,aglow,2
91,agnes,1
92,agnew,1
93,agony,15
94,agree,15
95,ahead,15
96,ahmad,1
97,ahmed,1
98,aided,2
99,aides,3
100,aiken,1
101,ailed,2
102,aimed,9
103,aimee,1
104,aired,2
105,aires,1
106,aisha,1
107,aisle,5
108,aitch,1
109,akbar,1
110,akita,1
111,akiva,1
112,akkad,1
113,akron,1
114,alack,2
115,alamo,3
116,alana,1
117,alarm,16
118,albee,1
119,album,1
120,alcoa,1
121,aldan,1
122,alden,1
123,alder,1
124,alert,10
125,aleut,1
126,algae,1
127,algal,1
128,alger,1
129,algol,1
130,alias,1
131,alibi,1
132,alice,19
133,alien,11
134,align,1
135,alike,16
136,aline,1
137,alisa,1
138,alive,18
139,alkyd,1
140,allah,5
141,allan,1
142,allay,4
143,allen,1
144,alley,5
145,allie,1
146,allot,1
147,allow,17
148,alloy,7
149,aloes,5
150,aloft,16
151,aloha,1
152,alone,19
153,along,19
154,aloof,8
155,aloud,16
156,alpha,4
157,alsop,1
158,altai,1
159,altar,19
160,alter,13
161,alton,1
162,altos,1
163,alums,1
164,alvin,1
165,alyce,1
166,amado,1
167,amaru,1
168,amass,1
169,amati,1
170,amaze,8
171,amber,9
172,ambit,1
173,amble,1
174,amend,8
175,amgen,1
176,amide,1
177,amiga,1
178,amigo,1
179,amine,1
180,amino,1
181,amish,1
182,amiss,12
183,amity,6
184,amman,1
185,amoco,1
186,among,19
187,amour,3
188,ample,15
189,amply,9
190,amuse,11
191,amway,1
192,andes,8
193,andre,1
194,anent,1
195,angel,18
196,anger,18
197,angie,1
198,angle,13
199,anglo,3
200,angry,18
201,angst,1
202,angus,6
203,anhui,1
204,anime,1
205,anion,1
206,anise,1
207,anita,1
208,ankhs,1
209,ankle,10
210,annam,1
211,annex,1
212,annie,3
213,annoy,6
214,annul,1
215,anode,1
216,anons,1
217,ansis,1
218,anted,1
219,antes,1
220,antic,3
221,antis,1
222,anton,1
223,antsy,1
224,anvil,10
225,anzac,1
226,anzus,1
227,aorta,1
228,apace,8
229,apart,15
230,aphid,1
231,aping,1
232,apish,2
233,apple,15
234,apply,12
235,april,10
236,apron,10
237,apses,1
238,apter,1
239,aptly,1
240,aquas,1
241,arabs,2
242,araby,1
243,arbor,1
244,arced,1
245,arden,1
246,ardor,2
247,areal,1
248,areas,2
249,arena,4
250,argon,1
251,argos,1
252,argot,1
253,argue,10
254,argus,2
255,arias,1
256,ariel,7
257,aries,4
258,arise,18
259,arius,1
260,armed,17
261,armor,6
262,arneb,1
263,aroma,3
264,arose,18
265,arras,3
266,array,15
267,arron,1
268,arrow,15
269,arsed,1
270,arson,1
271,artie,1
272,artsy,1
273,aruba,1
274,arums,1
275,aryan,1
276,asama,1
277,ascii,2
278,ascot,1
279,ashed,1
280,ashen,1
281,ashes,16
282,asian,1
283,aside,18
284,asked,19
285,askew,2
286,asoka,1
287,aspca,1
288,aspen,1
289,aspic,1
290,assad,1
291,assam,1
292,assay,8
293,asses,16
294,asset,1
295,assoc,1
296,aster,1
297,astir,4
298,aston,1
299,astor,1
300,aswan,1
301,atari,1
302,atilt,1
303,atlas,2
304,atman,1
305,atoll,1
306,atoms,1
307,atone,2
308,atria,1
309,attar,1
310,attic,1
311,auden,1
312,audio,1
313,audit,2
314,audra,1
315,auger,4
316,aught,15
317,augur,3
318,aunts,3
319,aural,1
320,auras,1
321,autos,1
322,auxin,1
323,avail,11
324,avast,12
325,avers,1
326,avert,4
327,avery,1
328,avian,1
329,avila,1
330,avior,1
331,avoid,16
332,avows,2
333,awacs,1
334,await,7
335,awake,17
336,award,1
337,aware,16
338,awash,1
339,awful,16
340,awing,1
341,awoke,12
342,axial,1
343,axing,1
344,axiom,1
345,axles,1
346,axons,1
347,ayahs,1
348,ayala,1
349,ayers,1
350,azana,1
351,aztec,1
352,azure,8
353,baaed,1
354,baals,1
355,baath,1
356,babel,8
357,babes,13
358,baccy,1
359,backs,14
360,bacon,5
361,baden,2
362,badge,3
363,badly,10
364,bagel,1
365,baggy,1
366,bahia,1
367,bahts,1
368,baidu,1
369,bails,1
370,baird,1
371,bairn,1
372,baits,2
373,baize,1
374,baked,12
375,baker,13
376,bakes,1
377,balds,1
378,baldy,1
379,baled,1
380,baler,1
381,bales,3
382,balks,5
383,balky,1
384,balls,14
385,bally,4
386,balms,1
387,balmy,6
388,balsa,1
389,bambi,1
390,banal,1
391,bands,16
392,bandy,1
393,banes,1
394,bangs,1
395,banjo,2
396,banks,13
397,banns,1
398,bantu,1
399,barbs,10
400,bards,12
401,bared,4
402,barer,1
403,bares,1
404,barfs,1
405,barge,2
406,barks,1
407,barmy,1
408,barns,12
409,baron,6
410,barre,1
411,barry,1
412,barth,1
413,basal,1
414,based,6
415,basel,1
416,baser,6
417,bases,11
418,basho,1
419,basic,1
420,basie,1
421,basil,3
422,basin,12
423,basis,9
424,basks,1
425,basra,1
426,basso,1
427,baste,1
428,batch,1
429,bated,2
430,bates,17
431,bathe,13
432,baths,9
433,batik,1
434,baton,2
435,batty,1
436,bauds,1
437,bauer,1
438,bawds,1
439,bawdy,1
440,bawls,1
441,bayed,1
442,bayer,1
443,bayes,1
444,bayou,1
445,bbses,1
446,beach,15
447,beads,6
448,beady,1
449,beaks,3
450,beams,15
451,beans,7
452,beard,17
453,bears,13
454,beast,18
455,beats,7
456,beaus,1
457,beaut,1
458,bebop,1
459,becks,1
460,becky,1
461,bedim,1
462,beebe,1
463,beech,3
464,beefs,1
465,beefy,1
466,beeps,1
467,beers,1
468,beery,1
469,beets,2
470,befit,1
471,befog,1
472,began,19
473,begat,18
474,beget,13
475,begin,18
476,begot,4
477,begum,1
478,begun,17
479,behan,1
480,beige,1
481,being,19
482,belau,1
483,belay,1
484,belch,2
485,belem,1
486,belie,3
487,bella,3
488,belle,1
489,bells,14
490,belly,16
491,below,17
492,belts,1
493,bench,15
494,bends,8
495,bendy,1
496,benet,1
497,benin,1
498,benny,1
499,bents,1
500,beret,1
501,bergs,1
502,beria,1
503,berks,1
504,berle,1
505,berms,1
506,berra,1
507,berry,9
508,berta,1
509,berth,9
510,beryl,8
511,beset,10
512,besom,1
513,besot,1
514,bests,1
515,betas,1
516,betel,1
517,bethe,1
518,betsy,5
519,bette,1
520,betty,14
521,bevel,1
522,bevvy,1
523,beyer,1
524,bezel,1
525,bhaji,1
526,bible,13
527,bicep,1
528,biddy,1
529,biden,1
530,bides,1
531,bidet,1
532,biers,1
533,biffs,1
534,bight,1
535,bigot,1
536,bijou,1
537,biked,1
538,biker,1
539,bikes,1
540,bilbo,1
541,bilge,1
542,bilks,1
543,bills,9
544,billy,14
545,bimbo,1
546,binds,2
547,binge,1
548,bingo,1
549,bioko,1
550,biped,1
551,birch,7
552,birds,17
553,birth,16
554,bison,4
555,bitch,1
556,biter,1
557,bites,4
558,bitty,1
559,bizet,1
560,bjork,1
561,blabs,1
562,black,19
563,blade,14
564,blags,1
565,blahs,1
566,blair,1
567,blake,4
568,blame,15
569,bland,6
570,blank,14
571,blare,1
572,blase,1
573,blast,14
574,blats,1
575,blatz,1
576,blaze,13
577,bleak,10
578,blear,2
579,bleat,1
580,bleed,10
581,bleep,1
582,blend,6
583,bless,18
584,bligh,1
585,blimp,1
586,blind,18
587,bling,1
588,blini,1
589,blink,1
590,blips,1
591,bliss,15
592,blitz,1
593,bloat,1
594,blobs,1
595,bloch,1
596,block,12
597,blocs,1
598,blogs,1
599,bloke,1
600,blond,1
601,blood,19
602,bloom,14
603,bloop,1
604,blots,1
605,blown,14
606,blows,15
607,blowy,1
608,blued,1
609,bluer,4
610,blues,1
611,bluet,1
612,bluff,7
613,blunt,10
614,blurb,1
615,blurs,1
616,blurt,1
617,blush,14
618,board,17
619,boars,1
620,boast,14
621,boats,17
622,bobbi,1
623,bobby,7
624,boded,1
625,bodes,1
626,bodge,1
627,boers,1
628,boffo,1
629,bogey,1
630,boggy,2
631,bogie,1
632,bogon,1
633,bogus,1
634,boils,5
635,boink,1
636,boise,1
637,bolas,1
638,boles,1
639,bolls,1
640,bolts,9
641,bolus,1
642,bombs,7
643,bonce,1
644,bonds,14
645,boned,1
646,boner,1
647,bones,18
648,bongo,1
649,bongs,1
650,bonks,1
651,bonny,1
652,bonus,1
653,boobs,1
654,booby,5
655,booed,1
656,books,17
657,boole,1
658,booms,2
659,boone,1
660,boons,1
661,boors,1
662,boost,1
663,booth,2
664,boots,15
665,booty,10
666,booze,1
667,boozy,1
668,borax,1
669,bored,5
670,borer,1
671,bores,2
672,borgs,1
673,boris,1
674,borne,17
675,boron,1
676,bosch,1
677,bosom,16
678,bossy,1
679,botch,3
680,botha,1
681,botox,1
682,bough,11
683,bound,18
684,bouts,1
685,bowed,17
686,bowel,1
687,bowen,1
688,bower,12
689,bowie,1
690,bowls,13
691,boxed,1
692,boxen,1
693,boxer,1
694,boxes,10
695,boyer,1
696,boyle,3
697,bozos,1
698,brace,10
699,bract,1
700,brads,1
701,brady,1
702,braes,1
703,bragg,1
704,brags,1
705,brahe,1
706,braid,1
707,brain,17
708,brake,16
709,brand,8
710,brant,1
711,brash,1
712,brass,17
713,brats,1
714,brave,15
715,bravo,6
716,brawl,1
717,brawn,7
718,brays,1
719,braze,1
720,bread,19
721,break,18
722,bream,1
723,breed,12
724,brent,1
725,brest,5
726,brett,1
727,breve,1
728,brews,1
729,brian,12
730,bribe,9
731,brice,1
732,brick,12
733,bride,15
734,brief,14
735,brier,7
736,bries,1
737,brigs,3
738,brill,1
739,brims,1
740,brine,8
741,bring,19
742,brink,10
743,briny,3
744,brisk,10
745,brits,1
746,britt,1
747,broad,18
748,brock,1
749,broil,1
750,broke,17
751,bronc,1
752,bronx,1
753,brood,13
754,brook,16
755,broom,8
756,broth,12
757,brown,19
758,brows,12
759,bruce,1
760,bruin,1
761,bruit,2
762,bruno,11
763,brunt,3
764,brush,12
765,brute,13
766,bryan,1
767,bryce,1
768,bryon,1
769,buber,1
770,bucks,1
771,buddy,1
772,budge,5
773,buffs,1
774,buffy,1
775,buggy,1
776,bugle,7
777,buick,1
778,build,18
779,built,18
780,bulbs,2
781,bulge,3
782,bulgy,1
783,bulks,1
784,bulky,8
785,bulls,10
786,bully,6
787,bumph,1
788,bumps,2
789,bumpy,1
790,bunch,12
791,bunco,1
792,bungs,1
793,bunin,1
794,bunks,1
795,bunny,1
796,bunts,1
797,buoys,4
798,burbs,1
799,burch,1
800,burgh,1
801,burgs,1
802,burka,1
803,burke,3
804,burks,1
805,burls,1
806,burly,4
807,burma,1
808,burns,8
809,burnt,19
810,burps,1
811,burro,1
812,burrs,1
813,bursa,1
814,burst,17
815,busby,1
816,busch,1
817,bused,1
818,buses,1
819,bushy,6
820,busks,2
821,busts,1
822,busty,1
823,butch,1
824,butte,1
825,butts,5
826,butty,1
827,buxom,2
828,buyer,6
829,byers,1
830,bylaw,1
831,byres,1
832,byron,7
833,bytes,1
834,byway,1
835,cabal,1
836,cabby,3
837,caber,1
838,cabin,17
839,cable,8
840,cabot,1
841,cacao,1
842,cache,2
843,cacti,1
844,cadet,1
845,cadge,1
846,cadiz,5
847,cadre,1
848,cafes,2
849,caffs,1
850,caged,2
851,cages,2
852,cagey,1
853,cains,1
854,cairn,1
855,cairo,1
856,cajun,1
857,caked,1
858,cakes,14
859,caleb,14
860,calif,1
861,calks,1
862,calla,1
863,calls,15
864,calms,4
865,calve,2
866,calyx,1
867,camel,13
868,cameo,1
869,camps,12
870,campy,1
871,camry,1
872,camus,1
873,canad,1
874,canal,12
875,candy,2
876,caned,1
877,caner,1
878,canes,3
879,canny,1
880,canoe,12
881,canon,1
882,canst,16
883,canto,1
884,cants,1
885,cantu,1
886,caped,1
887,capek,1
888,caper,1
889,capes,4
890,capet,1
891,capon,1
892,capos,1
893,capra,1
894,capri,1
895,carat,1
896,carbs,1
897,cards,13
898,cared,13
899,carer,1
900,cares,14
901,caret,1
902,carey,1
903,cargo,4
904,carib,1
905,carla,1
906,carlo,15
907,carly,1
908,carny,1
909,carob,1
910,carol,9
911,carom,1
912,carpi,1
913,carps,1
914,carry,18
915,carts,5
916,carve,7
917,cased,2
918,cases,15
919,casey,1
920,casio,1
921,casks,12
922,caste,5
923,casts,9
924,catch,17
925,cater,1
926,cathy,1
927,catty,1
928,caulk,2
929,cause,19
930,caved,1
931,caver,1
932,caves,11
933,cavil,4
934,cawed,1
935,cease,17
936,cecal,1
937,cecil,4
938,cecum,1
939,cedar,16
940,ceded,1
941,ceder,1
942,cedes,1
943,celeb,1
944,celia,1
945,cello,1
946,cells,11
947,celts,2
948,cents,2
949,ceres,4
950,certs,1
951,cesar,1
952,cetus,3
953,chads,1
954,chafe,1
955,chaff,11
956,chain,15
957,chair,17
958,chalk,9
959,champ,1
960,chang,1
961,chant,15
962,chaos,14
963,chaps,8
964,chard,1
965,charm,15
966,chars,1
967,chart,10
968,chary,1
969,chase,16
970,chasm,2
971,chats,1
972,cheap,11
973,cheat,11
974,check,12
975,cheek,15
976,cheep,1
977,cheer,14
978,chefs,1
979,chemo,1
980,cheri,1
981,chert,1
982,chess,2
983,chest,14
984,chevy,1
985,chews,1
986,chewy,1
987,chiba,1
988,chick,13
989,chico,1
990,chide,6
991,chief,19
992,child,19
993,chile,1
994,chili,3
995,chill,8
996,chime,1
997,chimp,1
998,chimu,1
999,china,14
1000,chine,1
1001,chink,1
1002,chino,1
1003,chins,1
1004,chips,8
1005,chirp,2
1006,chits,1
1007,chive,1
1008,chivy,1
1009,chloe,1
1010,chock,1
1011,chocs,1
1012,choir,2
1013,choke,6
1014,chomp,1
1015,chops,2
1016,chord,2
1017,chore,1
1018,chose,16
1019,chows,1
1020,chris,1
1021,chubs,1
1022,chuck,7
1023,chugs,1
1024,chump,1
1025,chums,1
1026,chung,1
1027,chunk,1
1028,churl,3
1029,churn,1
1030,chute,1
1031,chyme,1
1032,ciaos,1
1033,cider,8
1034,cigar,12
1035,cilia,1
1036,cinch,1
1037,cindy,1
1038,cipro,1
1039,circa,1
1040,circe,1
1041,cirri,1
1042,cisco,1
1043,cited,4
1044,cites,1
1045,civet,1
1046,civic,1
1047,civil,15
1048,clack,1
1049,clade,1
1050,claim,15
1051,clair,1
1052,clamp,1
1053,clams,3
1054,clang,9
1055,clank,8
1056,clans,2
1057,claps,6
1058,clara,1
1059,clare,1
1060,clark,1
1061,clash,5
1062,clasp,8
1063,class,13
1064,claus,1
1065,claws,10
1066,clean,18
1067,clear,18
1068,cleat,3
1069,clefs,1
1070,cleft,8
1071,clerk,10
1072,clews,2
1073,click,5
1074,cliff,12
1075,climb,13
1076,clime,9
1077,cline,1
1078,cling,9
1079,clink,1
1080,clint,1
1081,clips,1
1082,clits,1
1083,clive,1
1084,cloak,13
1085,clock,17
1086,clods,10
1087,clogs,1
1088,clomp,1
1089,clone,1
1090,clonk,1
1091,clops,1
1092,close,18
1093,cloth,15
1094,clots,1
1095,cloud,18
1096,clout,3
1097,clove,3
1098,clown,10
1099,cloys,1
1100,clubs,5
1101,cluck,3
1102,clued,1
1103,clues,1
1104,clump,4
1105,clung,10
1106,clunk,1
1107,clvii,1
1108,clxii,1
1109,clxiv,1
1110,clxix,1
1111,clxvi,1
1112,clyde,1
1113,coach,14
1114,coals,14
1115,coast,17
1116,coats,14
1117,cobol,1
1118,cobra,1
1119,cocci,1
1120,cocks,3
1121,cocky,1
1122,cocoa,8
1123,cocos,1
1124,codas,1
1125,coded,1
1126,coder,1
1127,codes,1
1128,codex,1
1129,codon,1
1130,coeds,1
1131,cohan,1
1132,cohen,1
1133,cohos,1
1134,coifs,1
1135,coils,10
1136,coins,14
1137,coked,1
1138,cokes,1
1139,colas,1
1140,colby,1
1141,colds,6
1142,coley,1
1143,colic,1
1144,colin,1
1145,colon,1
1146,color,12
1147,colts,4
1148,comas,1
1149,combo,1
1150,combs,3
1151,comdr,1
1152,comer,8
1153,comes,18
1154,comet,4
1155,comfy,1
1156,comic,12
1157,comma,1
1158,compo,1
1159,comps,1
1160,comte,1
1161,conan,1
1162,conch,1
1163,condo,1
1164,coned,1
1165,cones,2
1166,conga,1
1167,congo,4
1168,conic,1
1169,conks,1
1170,contd,1
1171,cooed,1
1172,cooke,1
1173,cooks,7
1174,cools,1
1175,coons,1
1176,coops,1
1177,coors,1
1178,coots,1
1179,copay,1
1180,coped,1
1181,copes,1
1182,copra,1
1183,copse,1
1184,coral,10
1185,cords,14
1186,cored,1
1187,corer,1
1188,cores,1
1189,corey,1
1190,corfu,1
1191,corgi,1
1192,corks,1
1193,corms,1
1194,corns,1
1195,corny,1
1196,corot,1
1197,corps,10
1198,cosby,1
1199,costs,5
1200,cotes,2
1201,couch,11
1202,cough,8
1203,could,19
1204,count,17
1205,coupe,1
1206,coups,1
1207,court,18
1208,coven,1
1209,cover,17
1210,coves,2
1211,covet,9
1212,covey,1
1213,covid,1
1214,cowed,1
1215,cower,1
1216,cowls,1
1217,coxed,1
1218,coxes,5
1219,coyer,1
1220,coyle,1
1221,coyly,1
1222,coypu,1
1223,cozen,1
1224,crabs,11
1225,crack,14
1226,craft,16
1227,crags,4
1228,craig,1
1229,cramp,1
1230,crams,1
1231,crane,7
1232,crank,2
1233,crape,4
1234,craps,1
1235,crash,14
1236,crass,1
1237,crate,1
1238,crave,3
1239,crawl,10
1240,craws,1
1241,crays,1
1242,craze,1
1243,crazy,13
1244,creak,2
1245,cream,10
1246,crecy,1
1247,credo,1
1248,creed,8
1249,creek,3
1250,creel,1
1251,creep,11
1252,crees,1
1253,creme,1
1254,creon,1
1255,crepe,1
1256,crept,13
1257,cress,1
1258,crest,10
1259,crete,7
1260,crews,11
1261,cribs,1
1262,crick,1
1263,cried,19
1264,crier,3
1265,cries,15
1266,crime,15
1267,crimp,1
1268,crisp,4
1269,croak,1
1270,croat,1
1271,croce,1
1272,crock,1
1273,croft,15
1274,crone,1
1275,crony,2
1276,crook,1
1277,croon,1
1278,crops,11
1279,cross,18
1280,croup,1
1281,crowd,17
1282,crown,18
1283,crows,7
1284,crude,7
1285,cruel,16
1286,cruet,9
1287,cruft,1
1288,crumb,3
1289,cruse,8
1290,crush,11
1291,crust,8
1292,crypt,1
1293,cuban,1
1294,cubed,1
1295,cuber,1
1296,cubes,1
1297,cubic,7
1298,cubit,15
1299,cuffs,8
1300,cuing,1
1301,culls,1
1302,cults,1
1303,cumin,1
1304,cunts,1
1305,cupid,1
1306,cuppa,1
1307,curbs,2
1308,curds,2
1309,cured,9
1310,curer,1
1311,cures,4
1312,curia,1
1313,curie,1
1314,curio,1
1315,curls,9
1316,curly,10
1317,curry,1
1318,curse,17
1319,curve,11
1320,curvy,1
1321,cushy,1
1322,cusps,1
1323,cuter,1
1324,cutey,1
1325,cutie,1
1326,cutup,1
1327,cuzco,1
1328,cycle,1
1329,cynic,1
1330,cyril,1
1331,cyrus,12
1332,cysts,1
1333,czars,1
1334,czech,1
1335,daces,1
1336,dacha,1
1337,daddy,1
1338,daffy,1
1339,dagos,1
1340,daily,17
1341,dairy,9
1342,daisy,11
1343,dakar,1
1344,dalai,1
1345,dales,2
1346,daley,1
1347,dally,5
1348,dames,5
1349,damns,1
1350,damon,1
1351,damps,2
1352,danae,1
1353,dance,17
1354,dandy,6
1355,danes,2
1356,dangs,1
1357,danny,1
1358,dante,5
1359,darby,1
1360,darcy,1
1361,dared,15
1362,daren,4
1363,darer,1
1364,dares,10
1365,darin,1
1366,dario,1
1367,darla,1
1368,darns,1
1369,darth,1
1370,darts,11
1371,daryl,1
1372,dated,3
1373,dater,1
1374,dates,5
1375,datum,1
1376,daubs,1
1377,daunt,1
1378,davao,1
1379,david,19
1380,davis,9
1381,davit,1
1382,dawes,1
1383,dawns,1
1384,dayan,1
1385,dazed,10
1386,dazes,1
1387,dding,1
1388,deals,12
1389,dealt,16
1390,deana,1
1391,deann,1
1392,deans,1
1393,dears,9
1394,deary,1
1395,death,19
1396,debar,1
1397,debby,1
1398,debit,1
1399,debra,1
1400,debts,10
1401,debug,1
1402,debut,1
1403,decaf,1
1404,decal,1
1405,decay,10
1406,decca,1
1407,deced,1
1408,decks,12
1409,decor,1
1410,decoy,1
1411,decry,1
1412,deeds,16
1413,deems,1
1414,deena,1
1415,deeps,10
1416,deere,13
1417,defer,11
1418,defoe,1
1419,defog,1
1420,degas,1
1421,deice,1
1422,deify,1
1423,deign,3
1424,deism,1
1425,deist,1
1426,deity,12
1427,delay,16
1428,delft,1
1429,delhi,1
1430,delia,2
1431,delis,1
1432,della,1
1433,dells,1
1434,delta,2
1435,delve,1
1436,demob,1
1437,demon,8
1438,demos,1
1439,demur,3
1440,deneb,1
1441,denim,1
1442,denis,1
1443,denny,1
1444,dense,13
1445,dents,6
1446,depot,2
1447,depth,13
1448,derby,1
1449,derek,1
1450,desks,2
1451,deter,2
1452,detox,1
1453,deuce,5
1454,devil,18
1455,devin,1
1456,devon,1
1457,dewar,1
1458,dewey,1
1459,dhaka,1
1460,dhoti,1
1461,dhows,1
1462,dials,1
1463,diana,14
1464,diane,1
1465,diann,1
1466,diary,3
1467,diced,1
1468,dices,1
1469,dicey,1
1470,dicks,1
1471,dicta,1
1472,didst,17
1473,diego,1
1474,diets,1
1475,diffs,1
1476,digit,1
1477,dijon,1
1478,diked,1
1479,dikes,1
1480,dildo,1
1481,dills,1
1482,dilly,1
1483,dimer,1
1484,dimes,1
1485,dimly,10
1486,dinah,12
1487,dinar,1
1488,dined,13
1489,diner,1
1490,dines,1
1491,dingo,1
1492,dings,1
1493,dingy,4
1494,dinky,1
1495,diode,1
1496,dippy,1
1497,dipso,1
1498,dirac,1
1499,direr,1
1500,dirge,8
1501,dirks,1
1502,dirty,14
1503,disco,1
1504,discs,1
1505,dishy,1
1506,disks,1
1507,ditch,12
1508,ditsy,1
1509,ditto,2
1510,ditty,1
1511,divan,1
1512,divas,1
1513,dived,12
1514,diver,4
1515,dives,4
1516,divot,1
1517,divvy,1
1518,dixie,1
1519,dixon,15
1520,dizzy,7
1521,dobro,1
1522,docks,9
1523,dodge,8
1524,dodgy,1
1525,dodos,1
1526,doers,10
1527,doffs,1
1528,doges,1
1529,doggy,1
1530,dogie,1
1531,dogma,4
1532,doily,1
1533,doing,18
1534,dolby,1
1535,doled,1
1536,doles,1
1537,dolls,2
1538,dolly,1
1539,dolor,1
1540,dolts,1
1541,domed,3
1542,domes,2
1543,donas,1
1544,dongs,1
1545,donna,1
1546,donne,1
1547,donny,1
1548,donor,1
1549,dooms,1
1550,doors,18
1551,doped,1
1552,doper,1
1553,dopes,1
1554,dopey,1
1555,doric,2
1556,doris,1
1557,dorks,1
1558,dorky,1
1559,dorms,1
1560,dosed,1
1561,doses,1
1562,doted,8
1563,doter,1
1564,dotes,2
1565,dotty,2
1566,douay,1
1567,doubt,19
1568,dough,13
1569,douro,1
1570,douse,1
1571,dover,4
1572,doves,10
1573,dowdy,1
1574,dowel,1
1575,dower,1
1576,downs,13
1577,downy,4
1578,dowry,4
1579,dowse,1
1580,doyen,1
1581,doyle,1
1582,dozed,1
1583,dozen,12
1584,dozes,1
1585,drabs,1
1586,draco,1
1587,draft,1
1588,drags,4
1589,drain,8
1590,drake,8
1591,drama,9
1592,drams,6
1593,drank,14
1594,drano,1
1595,drape,3
1596,drawl,3
1597,drawn,17
1598,draws,10
1599,drays,1
1600,dread,16
1601,dream,18
1602,drear,2
1603,dregs,4
1604,dress,17
1605,dried,16
1606,drier,1
1607,dries,1
1608,drift,12
1609,drill,1
1610,drink,19
1611,drips,1
1612,drive,17
1613,droid,1
1614,droll,9
1615,drone,2
1616,drool,1
1617,droop,8
1618,drops,15
1619,dross,9
1620,drove,15
1621,drown,13
1622,drubs,1
1623,drugs,4
1624,druid,1
1625,drums,13
1626,drunk,15
1627,drupe,1
1628,dryad,1
1629,dryer,1
1630,dryly,4
1631,duane,1
1632,dubai,1
1633,dubhe,1
1634,ducal,1
1635,ducat,1
1636,duchy,1
1637,ducks,8
1638,ducky,1
1639,ducts,1
1640,duded,1
1641,dudes,1
1642,duels,3
1643,duets,1
1644,duffs,1
1645,duffy,1
1646,dukes,12
1647,dulls,1
1648,dully,1
1649,dumas,1
1650,dumbo,1
1651,dummy,1
1652,dumps,1
1653,dumpy,1
1654,dunce,6
1655,dunes,1
1656,dungs,1
1657,dunks,1
1658,dunne,1
1659,dunno,1
1660,duped,6
1661,duper,1
1662,dupes,1
1663,duple,1
1664,duran,1
1665,durer,1
1666,durex,1
1667,duroc,1
1668,durst,13
1669,durum,1
1670,dusky,11
1671,dusts,1
1672,dusty,8
1673,dutch,13
1674,duvet,1
1675,dvina,1
1676,dwarf,4
1677,dweeb,1
1678,dwell,19
1679,dwelt,18
1680,dyers,1
1681,dying,16
1682,dykes,1
1683,dylan,1
1684,dyson,1
1685,eager,17
1686,eagle,15
1687,eared,1
1688,earle,1
1689,earls,3
1690,early,18
1691,earns,1
1692,earth,19
1693,eased,4
1694,easel,1
1695,eases,1
1696,easts,1
1697,eaten,17
1698,eater,8
1699,eaton,1
1700,eaves,1
1701,ebbed,1
1702,ebert,1
1703,ebola,1
1704,ebony,5
1705,echos,1
1706,eclat,4
1707,edams,1
1708,eddie,1
1709,edema,1
1710,edens,1
1711,edgar,1
1712,edged,9
1713,edger,1
1714,edges,11
1715,edict,2
1716,edify,5
1717,edith,1
1718,edits,1
1719,edsel,1
1720,educe,1
1721,edwin,2
1722,eerie,3
1723,effed,1
1724,effie,1
1725,efren,1
1726,egged,1
1727,egret,1
1728,egypt,19
1729,eider,1
1730,eight,18
1731,eject,1
1732,eking,1
1733,eland,1
1734,elate,6
1735,elbow,13
1736,elder,15
1737,eldon,1
1738,elect,13
1739,elegy,1
1740,elena,1
1741,elfin,2
1742,elgar,1
1743,elias,13
1744,elide,1
1745,eliot,1
1746,elisa,1
1747,elise,1
1748,elite,1
1749,eliza,8
1750,ellen,1
1751,ellie,1
1752,ellis,1
1753,elmer,1
1754,elope,1
1755,elroy,1
1756,elsie,1
1757,elton,19
1758,elude,6
1759,elver,1
1760,elves,8
1761,elvia,1
1762,elvin,1
1763,elvis,1
1764,elway,1
1765,emacs,1
1766,email,3
1767,embed,1
1768,ember,1
1769,emcee,1
1770,emend,1
1771,emery,1
1772,emile,1
1773,emily,1
1774,emirs,1
1775,emits,1
1776,emoji,1
1777,emory,1
1778,emote,1
1779,empty,17
1780,enact,2
1781,ended,17
1782,endow,3
1783,endue,1
1784,enema,1
1785,enemy,18
1786,enjoy,16
1787,ennui,5
1788,enoch,10
1789,enron,1
1790,ensue,10
1791,enter,19
1792,entry,13
1793,envoy,1
1794,epcot,1
1795,epees,1
1796,epics,5
1797,epoch,1
1798,epoxy,1
1799,epsom,4
1800,epson,1
1801,equal,18
1802,equip,1
1803,equiv,1
1804,erase,1
1805,erato,1
1806,erect,14
1807,ergot,1
1808,erica,1
1809,erich,1
1810,erick,1
1811,erika,1
1812,ernie,1
1813,ernst,1
1814,erode,1
1815,erred,11
1816,errol,1
1817,error,14
1818,eruct,1
1819,erupt,1
1820,ervin,1
1821,erwin,1
1822,essay,2
1823,essen,1
1824,essex,5
1825,essie,1
1826,ester,1
1827,estes,1
1828,ethan,7
1829,ethel,8
1830,ether,8
1831,ethic,1
1832,ethos,1
1833,ethyl,1
1834,etude,1
1835,eulas,1
1836,euler,1
1837,euros,1
1838,evade,5
1839,evans,1
1840,evens,1
1841,event,16
1842,evert,1
1843,every,19
1844,evian,1
1845,evict,1
1846,evils,14
1847,evita,1
1848,evoke,2
1849,ewers,1
1850,ewing,1
1851,exact,15
1852,exalt,13
1853,exams,1
1854,excel,9
1855,execs,1
1856,exert,11
1857,exile,8
1858,exist,14
1859,exits,4
1860,exons,1
1861,expat,1
1862,expel,4
1863,expos,1
1864,extol,8
1865,extra,8
1866,exude,1
1867,exult,5
1868,exurb,1
1869,exxon,1
1870,fable,10
1871,faced,14
1872,faces,18
1873,facet,1
1874,facts,14
1875,faddy,1
1876,faded,13
1877,fades,8
1878,faffs,1
1879,fagin,1
1880,fagot,1
1881,fails,4
1882,faint,17
1883,fairs,8
1884,fairy,15
1885,faith,19
1886,faked,1
1887,faker,1
1888,fakes,1
1889,fakir,1
1890,falls,13
1891,false,17
1892,famed,6
1893,fancy,18
1894,fangs,3
1895,fanny,15
1896,farad,1
1897,farce,5
1898,fared,2
1899,fares,6
1900,fargo,1
1901,farms,13
1902,farsi,1
1903,farts,1
1904,fasts,1
1905,fatah,1
1906,fatal,14
1907,fated,4
1908,fates,9
1909,fatso,1
1910,fatty,1
1911,fatwa,1
1912,fault,17
1913,fauna,1
1914,fauns,1
1915,faust,1
1916,faves,1
1917,favor,5
1918,fawns,1
1919,faxed,1
1920,faxes,1
1921,fayer,1
1922,fazed,1
1923,fazes,1
1924,fears,16
1925,feast,18
1926,feats,2
1927,fecal,1
1928,feces,1
1929,fedex,1
1930,feeds,9
1931,feels,15
1932,feign,5
1933,feint,1
1934,felix,16
1935,fella,1
1936,fells,1
1937,felon,4
1938,felts,1
1939,femur,1
1940,fence,13
1941,fends,1
1942,feral,1
1943,fermi,1
1944,ferns,1
1945,ferny,1
1946,ferry,10
1947,fests,1
1948,fetal,1
1949,fetch,16
1950,feted,1
1951,fetes,1
1952,fetid,2
1953,fetus,1
1954,feuds,1
1955,fever,14
1956,fewer,8
1957,fiats,1
1958,fiber,1
1959,fiche,1
1960,fichu,1
1961,ficus,1
1962,fidel,1
1963,fiefs,1
1964,field,19
1965,fiend,14
1966,fiery,16
1967,fifer,1
1968,fifes,1
1969,fifth,16
1970,fifty,18
1971,fight,18
1972,filch,1
1973,filed,4
1974,filer,1
1975,files,8
1976,filet,1
1977,fills,8
1978,filly,1
1979,films,1
1980,filmy,1
1981,filth,8
1982,final,16
1983,finch,1
1984,finds,13
1985,fined,1
1986,finer,7
1987,fines,2
1988,finis,5
1989,finks,1
1990,finns,1
1991,finny,2
1992,fiona,1
1993,fired,10
1994,firer,1
1995,fires,14
1996,firms,1
1997,first,19
1998,firth,1
1999,fishy,5
2000,fists,8
2001,fitch,1
2002,fitly,7
2003,fiver,1
2004,fives,1
2005,fixed,18
2006,fixer,1
2007,fixes,2
2008,fizzy,1
2009,fjord,1
2010,flack,1
2011,flags,12
2012,flail,3
2013,flair,1
2014,flake,1
2015,flaky,2
2016,flame,17
2017,flank,11
2018,flans,1
2019,flaps,2
2020,flare,1
2021,flash,15
2022,flask,17
2023,flats,6
2024,flatt,1
2025,flaws,2
2026,flays,1
2027,fleas,1
2028,fleck,1
2029,flees,1
2030,fleet,13
2031,flesh,19
2032,flick,1
2033,flied,1
2034,flier,1
2035,flies,14
2036,fling,9
2037,flint,8
2038,flips,1
2039,flirt,1
2040,flits,1
2041,float,13
2042,flock,17
2043,floes,3
2044,flogs,1
2045,flood,16
2046,floor,17
2047,flops,1
2048,flora,13
2049,flory,1
2050,floss,1
2051,flour,16
2052,flout,1
2053,flown,9
2054,flows,10
2055,floyd,1
2056,flubs,1
2057,flues,1
2058,fluff,1
2059,fluid,12
2060,fluke,7
2061,fluky,1
2062,flume,1
2063,flung,16
2064,flunk,1
2065,flush,10
2066,flute,5
2067,flyby,1
2068,flynn,1
2069,foals,1
2070,foams,1
2071,foamy,1
2072,focal,1
2073,focus,2
2074,foggy,2
2075,foils,1
2076,foist,1
2077,folds,13
2078,foley,1
2079,folic,1
2080,folio,11
2081,folks,13
2082,folly,17
2083,fonda,1
2084,fonts,1
2085,foods,1
2086,fools,15
2087,foots,1
2088,footy,1
2089,foray,1
2090,force,17
2091,fords,3
2092,fores,1
2093,forge,12
2094,forgo,1
2095,forks,6
2096,forms,16
2097,forte,7
2098,forth,19
2099,forts,9
2100,forty,18
2101,forum,1
2102,fossa,1
2103,fosse,1
2104,fouls,1
2105,found,19
2106,fount,4
2107,fours,1
2108,fowls,16
2109,foxed,1
2110,foxes,8
2111,foyer,1
2112,frack,1
2113,frags,1
2114,frail,10
2115,frame,14
2116,franc,1
2117,frank,18
2118,franz,1
2119,frats,1
2120,fraud,12
2121,frays,1
2122,freak,5
2123,freda,1
2124,freed,10
2125,freer,5
2126,frees,1
2127,freon,1
2128,fresh,18
2129,frets,3
2130,freud,1
2131,freya,1
2132,friar,2
2133,fried,5
2134,fries,1
2135,frigs,1
2136,frill,1
2137,frisk,1
2138,frito,1
2139,fritz,1
2140,frizz,1
2141,frock,13
2142,frodo,1
2143,frogs,12
2144,fromm,1
2145,frond,1
2146,front,18
2147,frosh,1
2148,frost,13
2149,froth,2
2150,frown,10
2151,froze,3
2152,fruit,19
2153,frump,1
2154,fryer,1
2155,fslic,1
2156,fuchs,1
2157,fucks,1
2158,fudge,1
2159,fuels,1
2160,fugal,1
2161,fuggy,1
2162,fugue,1
2163,fulls,1
2164,fully,17
2165,fumed,3
2166,fumes,3
2167,funds,4
2168,fundy,1
2169,fungi,1
2170,funks,1
2171,funky,1
2172,funny,14
2173,furls,1
2174,furor,1
2175,furry,1
2176,furze,1
2177,fused,4
2178,fusee,1
2179,fuses,1
2180,fussy,1
2181,fusty,1
2182,futon,1
2183,fuzzy,1
2184,gabby,1
2185,gable,5
2186,gabon,1
2187,gaels,1
2188,gaffe,1
2189,gaffs,1
2190,gaily,9
2191,gains,9
2192,gaits,1
2193,galas,1
2194,galen,1
2195,gales,6
2196,gallo,1
2197,galls,4
2198,gamay,1
2199,gamed,1
2200,gamer,1
2201,games,9
2202,gamin,1
2203,gamma,1
2204,gammy,1
2205,gamow,1
2206,gamut,1
2207,gangs,3
2208,ganja,1
2209,gansu,1
2210,gaped,8
2211,gapes,2
2212,garbo,1
2213,garbs,1
2214,garry,1
2215,garth,1
2216,garza,1
2217,gases,2
2218,gasps,5
2219,gassy,1
2220,gated,1
2221,gates,18
2222,gator,1
2223,gatun,1
2224,gaudy,3
2225,gauge,1
2226,gauls,1
2227,gaunt,8
2228,gauss,1
2229,gauze,1
2230,gauzy,1
2231,gavel,1
2232,gavin,1
2233,gawks,1
2234,gawky,1
2235,gawps,1
2236,gayer,2
2237,gayle,1
2238,gazed,13
2239,gazer,4
2240,gazes,3
2241,gears,1
2242,gecko,1
2243,geeks,1
2244,geeky,1
2245,geese,4
2246,gelds,1
2247,gelid,1
2248,genes,1
2249,genet,1
2250,genie,1
2251,genii,1
2252,genoa,1
2253,genre,1
2254,gents,1
2255,genus,1
2256,geode,1
2257,germs,7
2258,gerry,1
2259,getty,1
2260,getup,1
2261,ghana,1
2262,ghats,1
2263,ghent,1
2264,ghost,18
2265,ghoul,1
2266,giant,15
2267,gibbs,1
2268,gibed,1
2269,gibes,1
2270,giddy,8
2271,gifts,16
2272,gilda,1
2273,gilds,2
2274,giles,5
2275,gills,5
2276,gilts,1
2277,gimme,1
2278,gimps,1
2279,gimpy,1
2280,ginny,1
2281,ginsu,1
2282,girds,1
2283,girls,16
2284,girly,1
2285,giros,1
2286,girth,6
2287,girts,1
2288,gites,1
2289,given,19
2290,giver,9
2291,gives,16
2292,gizmo,1
2293,glace,1
2294,glade,4
2295,glads,1
2296,gland,1
2297,glans,1
2298,glare,10
2299,glass,18
2300,glaxo,1
2301,glaze,2
2302,gleam,10
2303,glean,10
2304,glenn,1
2305,glens,2
2306,glide,8
2307,glint,5
2308,glitz,1
2309,gloat,1
2310,globe,16
2311,globs,1
2312,gloom,14
2313,glory,19
2314,gloss,2
2315,glove,6
2316,glows,2
2317,glued,6
2318,glues,1
2319,gluey,1
2320,gluon,1
2321,gluts,1
2322,glyph,1
2323,gnarl,2
2324,gnash,2
2325,gnats,1
2326,gnaws,1
2327,gnome,1
2328,gnupg,1
2329,goads,2
2330,goals,1
2331,goats,17
2332,godel,1
2333,godly,12
2334,godot,1
2335,goers,1
2336,gofer,1
2337,gogol,14
2338,going,19
2339,golan,4
2340,golda,1
2341,golds,1
2342,golfs,1
2343,golgi,1
2344,golly,1
2345,gomez,1
2346,gonad,1
2347,goner,1
2348,gongs,4
2349,gonks,1
2350,gonna,1
2351,gonzo,1
2352,goode,1
2353,goods,16
2354,goody,9
2355,gooey,1
2356,goofs,1
2357,goofy,1
2358,gooks,1
2359,goons,1
2360,goose,12
2361,gored,4
2362,goren,1
2363,gores,1
2364,gorey,1
2365,gorge,8
2366,gorky,1
2367,gorps,1
2368,gorse,2
2369,goths,1
2370,gotta,1
2371,gouda,1
2372,gouge,3
2373,gould,1
2374,gourd,8
2375,gouty,4
2376,gowns,5
2377,grabs,1
2378,grace,18
2379,grade,1
2380,grads,1
2381,grady,1
2382,graft,3
2383,grail,1
2384,grain,14
2385,grams,1
2386,grand,17
2387,grans,1
2388,grant,16
2389,grape,11
2390,graph,1
2391,grasp,11
2392,grass,18
2393,grate,8
2394,grave,18
2395,gravy,2
2396,grays,1
2397,graze,9
2398,great,19
2399,grebe,1
2400,greed,4
2401,greek,15
2402,green,19
2403,greer,1
2404,greet,12
2405,gregg,1
2406,greps,1
2407,greta,1
2408,grids,1
2409,grief,16
2410,grieg,1
2411,grill,1
2412,grime,2
2413,grimm,4
2414,grimy,1
2415,grind,11
2416,grins,2
2417,gripe,6
2418,grips,1
2419,grist,1
2420,grits,1
2421,groan,12
2422,groat,1
2423,groin,1
2424,groks,1
2425,groom,5
2426,grope,11
2427,gross,13
2428,grosz,1
2429,group,14
2430,grout,1
2431,grove,16
2432,growl,7
2433,grown,17
2434,grows,13
2435,grubs,1
2436,gruel,8
2437,grues,1
2438,gruff,2
2439,grump,1
2440,grunt,4
2441,guano,1
2442,guard,17
2443,guava,1
2444,gucci,1
2445,guess,17
2446,guest,13
2447,guide,15
2448,guido,2
2449,guild,12
2450,guile,13
2451,guilt,14
2452,guise,6
2453,gulag,1
2454,gulch,1
2455,gulfs,1
2456,gulls,10
2457,gully,1
2458,gulps,1
2459,gumbo,1
2460,gummy,1
2461,gunge,1
2462,gungy,1
2463,gunky,1
2464,gunny,1
2465,guppy,1
2466,gupta,1
2467,gurus,1
2468,gushy,1
2469,gussy,1
2470,gusto,2
2471,gusts,2
2472,gusty,1
2473,gutsy,1
2474,gutty,1
2475,guyed,1
2476,gypsy,1
2477,gyros,1
2478,gyved,1
2479,gyves,1
2480,haber,1
2481,habit,15
2482,hacks,1
2483,hadar,2
2484,hades,1
2485,hadst,14
2486,hafiz,1
2487,hafts,1
2488,hagar,10
2489,hague,1
2490,haida,1
2491,haifa,1
2492,haiku,1
2493,hails,2
2494,hairs,13
2495,hairy,12
2496,haiti,1
2497,hajji,1
2498,hakes,1
2499,hakka,1
2500,halal,1
2501,haled,1
2502,haler,1
2503,hales,1
2504,haley,1
2505,halls,8
2506,halon,1
2507,halos,1
2508,halts,1
2509,halve,1
2510,haman,15
2511,hammy,1
2512,hands,19
2513,handy,6
2514,haney,1
2515,hangs,12
2516,hanks,1
2517,hanna,1
2518,hanoi,1
2519,haply,14
2520,happy,19
2521,hardy,16
2522,hared,1
2523,harem,8
2524,hares,3
2525,harks,1
2526,harms,1
2527,harps,13
2528,harpy,1
2529,harry,10
2530,harsh,11
2531,harte,1
2532,harts,3
2533,hasps,1
2534,haste,17
2535,hasty,14
2536,hatch,11
2537,hated,16
2538,hater,1
2539,hates,6
2540,hauls,1
2541,haunt,10
2542,hausa,1
2543,havel,1
2544,haven,15
2545,haves,1
2546,havoc,5
2547,hawed,1
2548,hawks,5
2549,haydn,1
2550,hayed,1
2551,hayek,1
2552,hayes,1
2553,hazed,1
2554,hazel,5
2555,hazer,1
2556,hazes,1
2557,hbase,1
2558,hdqrs,1
2559,heads,18
2560,heady,1
2561,heals,1
2562,heaps,13
2563,heard,19
2564,hears,13
2565,heart,19
2566,heath,11
2567,heats,2
2568,heave,15
2569,heavy,18
2570,hebei,1
2571,hedge,15
2572,heeds,2
2573,heels,13
2574,hefts,1
2575,hefty,1
2576,hegel,2
2577,heidi,1
2578,heine,1
2579,heinz,1
2580,heirs,10
2581,heist,1
2582,helen,1
2583,helga,1
2584,helix,1
2585,hello,3
2586,helms,4
2587,helot,1
2588,helps,5
2589,helve,3
2590,hemet,1
2591,henan,1
2592,hence,18
2593,hench,1
2594,henna,1
2595,henri,1
2596,henry,14
2597,herbs,13
2598,herds,15
2599,herod,15
2600,heron,7
2601,hertz,2
2602,herzl,1
2603,hesse,1
2604,hewed,10
2605,hewer,1
2606,hexed,1
2607,hexes,1
2608,hicks,1
2609,hided,1
2610,hider,1
2611,hides,11
2612,highs,1
2613,hijab,1
2614,hiked,1
2615,hiker,1
2616,hikes,1
2617,hilda,1
2618,hills,18
2619,hilly,1
2620,hilts,3
2621,hindi,1
2622,hinds,7
2623,hindu,2
2624,hines,1
2625,hinge,3
2626,hings,1
2627,hints,14
2628,hippo,1
2629,hippy,1
2630,hiram,12
2631,hired,14
2632,hires,1
2633,hitch,1
2634,hived,1
2635,hives,1
2636,hmong,1
2637,hoard,2
2638,hoary,9
2639,hobbs,1
2640,hobby,4
2641,hobos,1
2642,hocks,1
2643,hodge,1
2644,hoers,1
2645,hoffa,1
2646,hogan,1
2647,hoick,1
2648,hoist,9
2649,hoked,1
2650,hokes,1
2651,hokey,1
2652,hokum,1
2653,holds,16
2654,holed,1
2655,holes,14
2656,holey,1
2657,holly,1
2658,holst,1
2659,homed,1
2660,homer,10
2661,homes,10
2662,homey,1
2663,homos,1
2664,honda,1
2665,honed,1
2666,honer,1
2667,hones,1
2668,honey,16
2669,honks,1
2670,honky,1
2671,honor,14
2672,hooch,1
2673,hoods,3
2674,hooey,1
2675,hoofs,10
2676,hooke,1
2677,hooks,12
2678,hooky,1
2679,hoops,10
2680,hoots,1
2681,hoped,17
2682,hopes,17
2683,hopis,1
2684,horas,1
2685,horde,1
2686,horne,1
2687,horns,16
2688,horny,1
2689,horse,18
2690,horus,1
2691,hosea,8
2692,hosed,1
2693,hoses,1
2694,hosts,18
2695,hotel,13
2696,hotly,2
2697,houma,1
2698,hound,2
2699,houri,1
2700,hours,18
2701,house,19
2702,hovel,5
2703,hover,7
2704,howdy,1
2705,howls,4
2706,hoyle,1
2707,huang,1
2708,hubby,1
2709,hubei,1
2710,huber,1
2711,huffs,1
2712,huffy,1
2713,huger,1
2714,hulas,1
2715,hulks,1
2716,hulls,8
2717,human,18
2718,humid,5
2719,humor,10
2720,humph,7
2721,humps,1
2722,humus,1
2723,hunan,1
2724,hunch,3
2725,hunks,3
2726,hunky,1
2727,hunts,4
2728,hurls,1
2729,huron,5
2730,hurry,17
2731,hurst,1
2732,hurts,6
2733,husks,5
2734,husky,9
2735,hussy,1
2736,hutch,1
2737,hydra,1
2738,hydro,1
2739,hyena,3
2740,hying,1
2741,hymen,5
2742,hymns,11
2743,hyped,1
2744,hyper,1
2745,hypes,1
2746,hypos,1
2747,iambi,1
2748,iambs,1
2749,ibiza,1
2750,iblis,1
2751,ibsen,1
2752,icahn,1
2753,icbms,1
2754,icier,1
2755,icily,1
2756,icing,1
2757,icons,1
2758,ictus,1
2759,idaho,1
2760,ideal,12
2761,ideas,15
2762,idiom,3
2763,idiot,12
2764,idled,1
2765,idler,3
2766,idles,1
2767,idols,17
2768,idyll,1
2769,igloo,1
2770,ilene,1
2771,ileum,1
2772,iliad,3
2773,ilium,1
2774,illus,1
2775,image,18
2776,imago,1
2777,imams,1
2778,imbue,1
2779,impel,1
2780,imper,1
2781,imply,4
2782,inane,1
2783,inapt,1
2784,inbox,1
2785,incas,1
2786,inced,1
2787,incur,2
2788,index,5
2789,india,13
2790,indie,1
2791,indio,1
2792,indra,1
2793,indus,3
2794,inept,1
2795,inert,5
2796,infer,3
2797,infix,1
2798,infra,1
2799,ingot,1
2800,inked,1
2801,inlay,1
2802,inlet,2
2803,inner,15
2804,innit,1
2805,inonu,1
2806,input,1
2807,inset,1
2808,instr,1
2809,intel,1
2810,inter,3
2811,intro,1
2812,inuit,1
2813,inure,9
2814,invar,1
2815,ioctl,1
2816,ionic,1
2817,iotas,1
2818,iowan,1
2819,iowas,1
2820,iqbal,1
2821,iraqi,1
2822,irate,1
2823,irene,1
2824,irish,11
2825,irked,1
2826,irons,12
2827,irony,8
2828,irvin,1
2829,irwin,1
2830,isaac,17
2831,ishim,1
2832,isiah,1
2833,islam,1
2834,isles,15
2835,islet,5
2836,issac,1
2837,issue,16
2838,isuzu,1
2839,italy,12
2840,itchy,1
2841,items,8
2842,ivied,1
2843,ivies,1
2844,ivory,16
2845,izaak,1
2846,izmir,1
2847,jabot,1
2848,jacks,2
2849,jacky,1
2850,jacob,19
2851,jaded,1
2852,jades,1
2853,jails,2
2854,jaime,1
2855,jamal,1
2856,jamar,1
2857,jambs,2
2858,jamel,1
2859,james,17
2860,jamie,1
2861,jammy,1
2862,janet,1
2863,janie,1
2864,janis,1
2865,janna,1
2866,janus,1
2867,japan,9
2868,japed,1
2869,japes,1
2870,jared,6
2871,jason,5
2872,jatos,1
2873,jaunt,1
2874,javas,1
2875,jawed,2
2876,jayne,1
2877,jazzy,1
2878,jeans,1
2879,jeeps,1
2880,jeers,1
2881,jello,1
2882,jells,1
2883,jelly,5
2884,jemmy,1
2885,jenna,1
2886,jenny,6
2887,jerks,1
2888,jerky,1
2889,jerri,1
2890,jerry,5
2891,jesse,15
2892,jests,1
2893,jesus,19
2894,jetty,1
2895,jewel,7
2896,jewry,3
2897,jibed,1
2898,jibes,1
2899,jidda,1
2900,jiffs,1
2901,jiffy,3
2902,jihad,1
2903,jilin,1
2904,jilts,1
2905,jimmy,6
2906,jinan,1
2907,jinks,1
2908,jinni,1
2909,jinny,1
2910,jived,1
2911,jives,1
2912,joann,1
2913,jocks,1
2914,jodie,1
2915,joeys,1
2916,johns,1
2917,joins,7
2918,joint,13
2919,joist,3
2920,joked,1
2921,joker,2
2922,jokes,10
2923,jokey,1
2924,jolly,15
2925,jolts,1
2926,jonah,17
2927,jonas,10
2928,jones,8
2929,jorge,1
2930,josef,1
2931,josie,1
2932,josue,1
2933,joule,1
2934,joust,1
2935,jowls,1
2936,jowly,1
2937,joyce,1
2938,joyed,2
2939,juana,1
2940,jubal,1
2941,judah,19
2942,judas,14
2943,judea,2
2944,judge,19
2945,juice,5
2946,juicy,7
2947,julep,1
2948,jules,1
2949,julia,1
2950,julie,1
2951,julio,1
2952,jumbo,1
2953,jumps,4
2954,jumpy,1
2955,junco,1
2956,junes,1
2957,junks,2
2958,junta,1
2959,juror,1
2960,jurua,1
2961,kaaba,1
2962,kabul,1
2963,kafka,1
2964,kanji,1
2965,kapok,1
2966,kappa,1
2967,kaput,1
2968,karat,1
2969,karen,1
2970,karin,1
2971,karla,1
2972,karma,1
2973,karol,1
2974,karts,1
2975,karyn,1
2976,kasai,1
2977,kasey,1
2978,kathy,1
2979,katie,1
2980,kauai,1
2981,kayak,1
2982,kayla,1
2983,kayos,1
2984,kazan,1
2985,kazoo,1
2986,keats,1
2987,kebab,1
2988,keels,8
2989,keens,1
2990,keeps,12
2991,keith,1
2992,kelli,1
2993,kelly,1
2994,kenny,1
2995,kenya,1
2996,keogh,1
2997,kepis,1
2998,kerri,1
2999,kerry,1
3000,ketch,1
3001,keven,1
3002,kevin,1
3003,keyed,1
3004,khaki,1
3005,khans,1
3006,khmer,1
3007,khufu,1
3008,kicks,2
3009,kicky,1
3010,kiddo,1
3011,kieth,1
3012,kikes,1
3013,kills,5
3014,kilns,1
3015,kilos,1
3016,kilts,1
3017,kinda,1
3018,kinds,14
3019,kines,1
3020,kings,19
3021,kinks,1
3022,kinky,1
3023,kiosk,1
3024,kiowa,1
3025,kirby,1
3026,kirov,1
3027,kited,1
3028,kites,2
3029,kitty,3
3030,kiwis,1
3031,klaus,1
3032,klein,1
3033,klimt,1
3034,kline,1
3035,kluge,1
3036,klutz,1
3037,kmart,1
3038,knack,4
3039,knapp,1
3040,knave,10
3041,knead,2
3042,kneed,1
3043,kneel,8
3044,knees,16
3045,knell,4
3046,knelt,9
3047,knife,16
3048,knish,1
3049,knits,2
3050,knobs,2
3051,knock,15
3052,knoll,4
3053,knopf,1
3054,knots,9
3055,known,19
3056,knows,18
3057,knurl,1
3058,knuth,1
3059,koala,1
3060,koans,1
3061,kodak,1
3062,kojak,1
3063,kolas,1
3064,kongo,1
3065,kooks,1
3066,kooky,1
3067,korea,1
3068,korma,1
3069,kraal,1
3070,kraft,1
3071,kraut,1
3072,krebs,1
3073,krill,1
3074,krona,1
3075,krone,1
3076,krupp,1
3077,kudos,1
3078,kudzu,1
3079,kusch,1
3080,kyoto,1
3081,laban,15
3082,label,5
3083,labia,1
3084,labor,12
3085,laced,3
3086,laces,1
3087,lacey,1
3088,lacks,4
3089,laded,4
3090,laden,11
3091,lades,1
3092,ladle,2
3093,lager,1
3094,lagos,1
3095,laird,1
3096,lairs,1
3097,laity,1
3098,laius,1
3099,lajos,1
3100,lakes,12
3101,lamar,1
3102,lamas,1
3103,lambs,16
3104,lamed,1
3105,lamer,1
3106,lames,1
3107,lamps,15
3108,lanai,1
3109,lance,15
3110,lands,18
3111,lanes,11
3112,lanka,1
3113,lanky,1
3114,lanny,1
3115,lapel,1
3116,lapin,1
3117,lapps,1
3118,lapse,5
3119,larch,1
3120,lards,1
3121,lardy,1
3122,large,19
3123,largo,1
3124,larks,10
3125,larry,1
3126,larva,1
3127,lased,1
3128,laser,1
3129,lases,1
3130,lassa,1
3131,lasso,4
3132,lasts,4
3133,latch,6
3134,later,15
3135,latex,1
3136,lathe,1
3137,laths,1
3138,latin,13
3139,latte,1
3140,lauds,1
3141,laugh,18
3142,laura,14
3143,lauri,1
3144,laval,1
3145,laved,1
3146,laves,1
3147,lawns,5
3148,laxer,1
3149,laxly,1
3150,layer,8
3151,layla,1
3152,layup,1
3153,lazed,1
3154,lazes,1
3155,leach,1
3156,leads,12
3157,leafs,1
3158,leafy,2
3159,leaks,6
3160,leaky,6
3161,leann,1
3162,leans,10
3163,leaps,8
3164,leapt,13
3165,learn,17
3166,leary,1
3167,lease,13
3168,leash,2
3169,least,19
3170,leave,19
3171,ledge,8
3172,leech,2
3173,leeds,1
3174,leeks,1
3175,leers,1
3176,leery,1
3177,lefts,1
3178,lefty,1
3179,legal,12
3180,leger,1
3181,leggy,1
3182,legit,1
3183,leigh,1
3184,leila,1
3185,lelia,1
3186,lemma,1
3187,lemme,1
3188,lemon,8
3189,lemur,1
3190,lends,2
3191,lenin,1
3192,lenny,1
3193,lento,1
3194,lents,1
3195,leola,1
3196,leona,1
3197,leper,12
3198,lepke,1
3199,lepta,1
3200,lepus,1
3201,leroy,1
3202,letha,1
3203,lethe,2
3204,letup,1
3205,levee,3
3206,level,15
3207,lever,2
3208,levis,1
3209,lewis,1
3210,lexer,1
3211,lexis,1
3212,lexus,1
3213,lhasa,1
3214,liars,11
3215,libby,1
3216,libel,1
3217,libra,3
3218,libya,3
3219,licit,1
3220,licks,1
3221,lidia,1
3222,lidos,1
3223,liege,6
3224,liens,1
3225,lieut,1
3226,lifer,1
3227,lifts,4
3228,light,19
3229,liked,17
3230,liken,10
3231,liker,1
3232,likes,14
3233,lilac,12
3234,lilia,1
3235,lille,1
3236,lilly,2
3237,lilos,1
3238,lilts,1
3239,limbo,2
3240,limbs,15
3241,limed,1
3242,limes,1
3243,limey,1
3244,limit,9
3245,limns,1
3246,limos,1
3247,limps,1
3248,linda,1
3249,lindy,1
3250,lined,12
3251,linen,17
3252,liner,1
3253,lines,17
3254,lingo,2
3255,lings,1
3256,links,8
3257,lints,1
3258,linty,1
3259,linus,1
3260,linux,1
3261,lions,15
3262,lipid,1
3263,lippi,1
3264,lippy,1
3265,lisle,1
3266,lisps,1
3267,lists,7
3268,liszt,1
3269,liter,1
3270,lithe,7
3271,lived,18
3272,liven,1
3273,liver,12
3274,lives,17
3275,livia,1
3276,livid,9
3277,lizzy,1
3278,llama,2
3279,llano,1
3280,lloyd,1
3281,loads,8
3282,loafs,1
3283,loamy,1
3284,loans,1
3285,loath,8
3286,lobar,1
3287,lobby,5
3288,lobed,1
3289,lobes,2
3290,local,11
3291,locke,5
3292,locks,14
3293,locos,1
3294,locum,1
3295,locus,1
3296,lodes,1
3297,lodge,15
3298,loewe,1
3299,loewi,1
3300,loews,1
3301,lofts,1
3302,lofty,14
3303,logan,1
3304,loges,1
3305,logic,6
3306,login,1
3307,logon,1
3308,logos,1
3309,loins,16
3310,loire,1
3311,lolls,1
3312,lolly,1
3313,loner,1
3314,longs,1
3315,looks,18
3316,looms,1
3317,loons,1
3318,loony,1
3319,loops,10
3320,loopy,1
3321,loose,17
3322,loots,1
3323,loped,1
3324,lopes,1
3325,lopez,1
3326,lords,16
3327,loren,1
3328,lorie,1
3329,loris,1
3330,lorna,1
3331,lorre,1
3332,lorry,1
3333,loser,2
3334,loses,7
3335,lotto,1
3336,lotus,2
3337,lough,1
3338,louie,1
3339,louis,9
3340,lours,1
3341,louse,1
3342,lousy,1
3343,louts,1
3344,loved,18
3345,lover,15
3346,loves,15
3347,lovey,1
3348,lowed,1
3349,lower,17
3350,lowly,13
3351,loyal,8
3352,luann,1
3353,luaus,1
3354,lubed,1
3355,lubes,1
3356,lucas,1
3357,lucia,2
3358,lucid,4
3359,lucio,1
3360,lucks,1
3361,lucky,16
3362,lucre,8
3363,luffs,1
3364,luger,1
3365,luges,1
3366,luigi,1
3367,luisa,1
3368,lulls,3
3369,lully,1
3370,lulus,1
3371,lumen,1
3372,lumps,8
3373,lumpy,1
3374,lunar,2
3375,lunch,11
3376,lunge,5
3377,lungs,13
3378,lupus,1
3379,lurch,1
3380,lured,3
3381,lures,1
3382,lurgy,1
3383,luria,1
3384,lurid,7
3385,lurks,10
3386,lusts,13
3387,lusty,10
3388,lutes,1
3389,luzon,1
3390,lxvii,1
3391,lycra,1
3392,lydia,3
3393,lyell,1
3394,lying,17
3395,lyman,1
3396,lymph,1
3397,lynch,1
3398,lynda,1
3399,lynne,1
3400,lyons,3
3401,lyres,1
3402,lyric,1
3403,lysol,1
3404,mabel,5
3405,mable,1
3406,macao,1
3407,macaw,1
3408,maced,1
3409,maces,1
3410,macho,1
3411,macon,1
3412,macro,1
3413,madam,17
3414,madge,1
3415,madly,8
3416,mafia,1
3417,mages,1
3418,magic,13
3419,magma,1
3420,magog,5
3421,magoo,1
3422,magus,1
3423,mahdi,1
3424,maids,12
3425,mails,2
3426,maims,1
3427,maine,10
3428,mains,1
3429,maize,7
3430,major,13
3431,maker,16
3432,makes,18
3433,malay,1
3434,males,14
3435,malls,1
3436,malta,3
3437,malts,1
3438,malty,1
3439,mamas,1
3440,mamba,1
3441,mambo,1
3442,mamet,1
3443,mamie,1
3444,mamma,16
3445,mammy,13
3446,mandy,1
3447,maned,3
3448,manes,1
3449,manet,7
3450,manga,1
3451,mange,1
3452,mango,1
3453,mangy,1
3454,mania,5
3455,manic,1
3456,manky,1
3457,manly,13
3458,manna,12
3459,manor,6
3460,manse,1
3461,manta,1
3462,maori,1
3463,maple,14
3464,marat,1
3465,march,17
3466,marci,1
3467,marco,2
3468,marcy,1
3469,mares,1
3470,marge,2
3471,margo,1
3472,maria,2
3473,marie,1
3474,marin,1
3475,mario,1
3476,maris,1
3477,marks,13
3478,marla,1
3479,marne,1
3480,marry,18
3481,marsh,3
3482,marta,1
3483,marts,1
3484,marty,1
3485,marva,1
3486,masai,1
3487,maser,1
3488,masks,9
3489,mason,8
3490,masts,14
3491,match,16
3492,mated,2
3493,mater,1
3494,mates,15
3495,matey,1
3496,matte,1
3497,matzo,1
3498,maude,1
3499,mauls,1
3500,maura,1
3501,mauro,1
3502,mauve,2
3503,maven,1
3504,mavis,1
3505,maxed,1
3506,maxes,1
3507,maxim,10
3508,maxis,1
3509,mayan,1
3510,mayas,1
3511,maybe,11
3512,mayer,1
3513,mayor,7
3514,mayra,1
3515,mayst,2
3516,mazda,1
3517,mazes,6
3518,mbini,1
3519,mccoy,1
3520,mcgee,1
3521,mcjob,1
3522,mckay,1
3523,mckee,1
3524,meade,1
3525,meals,10
3526,mealy,4
3527,means,18
3528,meant,18
3529,meany,1
3530,meats,9
3531,meaty,1
3532,mecca,4
3533,medal,1
3534,medan,2
3535,medea,1
3536,media,7
3537,medic,1
3538,meets,12
3539,megan,1
3540,megos,1
3541,meier,1
3542,meiji,1
3543,mejia,1
3544,melba,1
3545,melds,1
3546,melee,1
3547,melon,10
3548,melts,3
3549,melva,1
3550,memes,1
3551,memos,1
3552,mends,1
3553,menes,1
3554,mensa,1
3555,menus,1
3556,meows,1
3557,merak,1
3558,merck,1
3559,mercy,19
3560,meres,1
3561,merge,9
3562,merit,15
3563,merle,1
3564,merry,16
3565,mesas,1
3566,meson,1
3567,messy,1
3568,metal,11
3569,meted,3
3570,meter,1
3571,metes,1
3572,meths,1
3573,metro,1
3574,meuse,1
3575,mewed,1
3576,mewls,1
3577,meyer,1
3578,mezzo,1
3579,mfume,1
3580,miami,1
3581,micah,13
3582,micks,1
3583,micky,1
3584,micro,1
3585,midas,1
3586,middy,1
3587,midge,1
3588,midis,1
3589,midst,19
3590,miens,1
3591,miffs,1
3592,might,19
3593,miked,1
3594,mikes,1
3595,milan,1
3596,milch,3
3597,miler,1
3598,miles,17
3599,milfs,1
3600,milks,1
3601,milky,11
3602,mills,5
3603,milne,1
3604,milts,1
3605,mimed,1
3606,mimes,1
3607,mimic,10
3608,mince,7
3609,minds,16
3610,mindy,1
3611,mined,1
3612,miner,3
3613,mines,9
3614,mingy,1
3615,minim,1
3616,minis,1
3617,minks,1
3618,minor,5
3619,minos,1
3620,minot,1
3621,minsk,1
3622,mints,1
3623,minty,1
3624,minus,3
3625,mired,1
3626,mires,1
3627,mirth,14
3628,misdo,1
3629,miser,9
3630,missy,1
3631,mists,10
3632,misty,9
3633,mitch,1
3634,miter,1
3635,mites,3
3636,mitts,1
3637,mitty,1
3638,mitzi,1
3639,mixed,16
3640,mixer,1
3641,mixes,1
3642,mizar,1
3643,moans,4
3644,moats,2
3645,mobil,1
3646,mocha,1
3647,mocks,6
3648,modal,1
3649,model,11
3650,modem,1
3651,modes,9
3652,moggy,1
3653,mogul,6
3654,moils,1
3655,moira,1
3656,moire,1
3657,moist,12
3658,molar,1
3659,molds,1
3660,moldy,1
3661,moles,3
3662,molls,1
3663,molly,1
3664,molts,1
3665,mommy,1
3666,monad,1
3667,monet,1
3668,money,19
3669,monks,7
3670,monte,1
3671,month,19
3672,monty,1
3673,mooch,1
3674,moods,10
3675,moody,10
3676,mooed,1
3677,moons,11
3678,moore,1
3679,moors,2
3680,moose,4
3681,moots,1
3682,moped,1
3683,moper,1
3684,mopes,1
3685,mopey,1
3686,moral,14
3687,moran,1
3688,moray,1
3689,morel,1
3690,mores,1
3691,morin,1
3692,morns,1
3693,moron,1
3694,morph,1
3695,morse,1
3696,moses,19
3697,mosey,1
3698,mossy,4
3699,mosul,1
3700,motel,1
3701,motes,1
3702,motet,1
3703,moths,1
3704,motif,1
3705,motor,12
3706,motto,9
3707,moues,3
3708,mound,5
3709,mount,19
3710,mourn,15
3711,mouse,17
3712,mousy,1
3713,mouth,19
3714,moved,18
3715,mover,2
3716,moves,13
3717,movie,1
3718,mowed,1
3719,mower,4
3720,moxie,1
3721,mucks,1
3722,mucky,1
3723,mucus,1
3724,muddy,8
3725,muffs,1
3726,mufti,1
3727,muggy,1
3728,mujib,1
3729,mulch,1
3730,mulct,1
3731,mules,10
3732,mulls,1
3733,multi,1
3734,mummy,2
3735,mumps,1
3736,munch,1
3737,mungs,1
3738,munoz,1
3739,munro,1
3740,mural,1
3741,murat,1
3742,murks,1
3743,murky,7
3744,mused,3
3745,muses,3
3746,mushy,1
3747,music,17
3748,musky,3
3749,mussy,1
3750,musts,1
3751,musty,2
3752,muted,1
3753,muter,1
3754,mutes,3
3755,mutts,1
3756,muzak,1
3757,muzzy,1
3758,myers,1
3759,mylar,1
3760,myles,1
3761,mynas,1
3762,myrna,1
3763,myron,1
3764,myrrh,12
3765,mysql,1
3766,myths,7
3767,naacp,1
3768,naans,1
3769,nabob,1
3770,nacho,1
3771,nacre,1
3772,nader,1
3773,nadia,1
3774,nadir,1
3775,nafta,1
3776,nahum,2
3777,naiad,1
3778,naifs,1
3779,nails,13
3780,naive,1
3781,naked,17
3782,named,17
3783,names,18
3784,nampa,1
3785,nanak,1
3786,nancy,11
3787,nanny,1
3788,naomi,12
3789,napes,1
3790,nappy,1
3791,narcs,1
3792,narky,1
3793,nasal,3
3794,nasty,6
3795,natal,2
3796,natch,1
3797,natty,1
3798,nauru,1
3799,naval,8
3800,navel,6
3801,naves,1
3802,navvy,2
3803,nazca,1
3804,nazis,1
3805,neaps,1
3806,nears,1
3807,neath,1
3808,necks,13
3809,needs,16
3810,needy,14
3811,negev,1
3812,negro,14
3813,nehru,1
3814,neigh,2
3815,nelda,1
3816,nelly,1
3817,nepal,1
3818,nerds,1
3819,nerdy,1
3820,nerve,6
3821,nervy,1
3822,nests,9
3823,never,19
3824,nevis,1
3825,nevus,1
3826,newel,1
3827,newer,7
3828,newly,12
3829,newsy,1
3830,newts,1
3831,nexis,1
3832,nexus,1
3833,nicer,3
3834,niche,2
3835,nicks,1
3836,niece,13
3837,niffy,1
3838,nifty,1
3839,nigel,1
3840,niger,4
3841,nigga,1
3842,night,19
3843,nikki,1
3844,nikon,1
3845,nimbi,1
3846,nimby,1
3847,nines,1
3848,ninja,1
3849,ninny,1
3850,ninth,14
3851,niobe,1
3852,nippy,1
3853,nisan,2
3854,nisei,1
3855,niter,1
3856,nitro,1
3857,nivea,1
3858,nixed,1
3859,nixes,1
3860,nixon,1
3861,nobel,1
3862,noble,17
3863,nobly,8
3864,nodal,1
3865,noddy,1
3866,nodes,1
3867,nodoz,1
3868,noels,1
3869,noemi,1
3870,nohow,1
3871,noise,18
3872,noisy,11
3873,nokia,1
3874,nolan,1
3875,nomad,1
3876,nonce,3
3877,nooks,4
3878,nooky,1
3879,noose,1
3880,norad,1
3881,norma,2
3882,norms,1
3883,norse,1
3884,north,18
3885,nosed,2
3886,noses,8
3887,notch,4
3888,noted,10
3889,notes,14
3890,nouns,1
3891,novae,1
3892,novas,1
3893,novel,5
3894,noway,1
3895,noyce,1
3896,noyes,1
3897,nubby,1
3898,nubia,1
3899,nuder,1
3900,nudes,1
3901,nudge,1
3902,nuked,1
3903,nukes,1
3904,nulls,1
3905,numbs,1
3906,nunez,1
3907,nunki,1
3908,nurse,15
3909,nutty,1
3910,nyasa,1
3911,nylon,1
3912,nymph,4
3913,oaken,6
3914,oakum,5
3915,oared,1
3916,oases,1
3917,oasis,1
3918,oaten,1
3919,oates,1
3920,oaths,10
3921,obama,1
3922,obese,1
3923,obeys,6
3924,obits,1
3925,oboes,1
3926,ocala,1
3927,ocaml,1
3928,occam,1
3929,occur,14
3930,ocean,17
3931,ocher,1
3932,ochoa,1
3933,ocker,1
3934,octal,1
3935,octet,1
3936,odder,1
3937,oddly,8
3938,odell,1
3939,odets,1
3940,odium,2
3941,odors,3
3942,offal,2
3943,offed,1
3944,offer,19
3945,often,19
3946,ogden,1
3947,ogled,1
3948,ogler,1
3949,ogles,1
3950,ogres,1
3951,oiled,3
3952,oinks,1
3953,okapi,1
3954,okays,1
3955,oking,1
3956,okras,1
3957,olden,2
3958,older,14
3959,oldie,1
3960,olive,15
3961,ollie,1
3962,olmec,1
3963,olsen,1
3964,olson,1
3965,omaha,1
3966,omani,1
3967,omega,4
3968,omens,4
3969,omits,1
3970,oneal,1
3971,onega,1
3972,onion,2
3973,onset,8
3974,oohed,1
3975,oomph,1
3976,oozed,1
3977,oozes,1
3978,opals,1
3979,opens,9
3980,opera,10
3981,opine,3
3982,oping,1
3983,opium,4
3984,oprah,1
3985,opted,1
3986,optic,1
3987,orals,1
3988,orate,1
3989,orbit,2
3990,order,18
3991,organ,14
3992,oriel,1
3993,orion,8
3994,oriya,1
3995,orlon,1
3996,orris,1
3997,ortiz,1
3998,orval,1
3999,osage,1
4000,osaka,1
4001,oscar,2
4002,osier,1
4003,osman,1
4004,other,19
4005,otter,15
4006,ought,19
4007,ouija,1
4008,ounce,5
4009,ousts,1
4010,outdo,1
4011,outed,1
4012,outer,15
4013,outgo,1
4014,outre,1
4015,outta,1
4016,ouzos,1
4017,ovals,1
4018,ovary,1
4019,ovate,1
4020,ovens,1
4021,overs,1
4022,overt,1
4023,ovoid,1
4024,ovule,1
4025,owens,1
4026,owing,14
4027,owlet,1
4028,owned,11
4029,owner,14
4030,oxbow,1
4031,oxide,1
4032,ozark,1
4033,ozone,1
4034,ozzie,1
4035,pablo,1
4036,pabst,1
4037,paced,11
4038,pacer,1
4039,paces,10
4040,pacey,1
4041,packs,3
4042,pacts,1
4043,paddy,1
4044,padre,1
4045,paean,1
4046,pagan,13
4047,paged,1
4048,pager,1
4049,pages,11
4050,paige,1
4051,pails,2
4052,paine,4
4053,pains,16
4054,paint,11
4055,pairs,10
4056,paled,2
4057,paleo,1
4058,paler,3
4059,pales,2
4060,paley,1
4061,palls,1
4062,pally,1
4063,palms,13
4064,palmy,4
4065,palsy,11
4066,panda,1
4067,panel,8
4068,panes,5
4069,pangs,12
4070,panic,11
4071,pansy,1
4072,panto,1
4073,pants,3
4074,panza,1
4075,papal,1
4076,papas,1
4077,paper,17
4078,pappy,1
4079,paras,1
4080,parch,2
4081,parcs,1
4082,pared,1
4083,parer,1
4084,pares,1
4085,paris,13
4086,parka,1
4087,parks,5
4088,parky,1
4089,parry,4
4090,parse,1
4091,parts,18
4092,party,18
4093,pasco,1
4094,pasha,1
4095,passe,9
4096,pasta,1
4097,paste,3
4098,pasts,1
4099,pasty,1
4100,patch,14
4101,patel,1
4102,pates,1
4103,paths,15
4104,patio,1
4105,patna,1
4106,patsy,1
4107,patti,1
4108,patty,14
4109,paula,1
4110,pauli,1
4111,pause,17
4112,paved,9
4113,paves,1
4114,pawed,1
4115,pawls,1
4116,pawns,1
4117,payed,3
4118,payee,1
4119,payer,1
4120,payne,1
4121,peace,19
4122,peach,1
4123,peaks,11
4124,peaky,1
4125,peale,2
4126,peals,5
4127,pearl,10
4128,pears,1
4129,peary,1
4130,peaty,1
4131,pecan,1
4132,pecks,4
4133,pecos,1
4134,pedal,1
4135,pedro,5
4136,peeks,1
4137,peels,2
4138,peens,1
4139,peeps,1
4140,peers,9
4141,peeve,1
4142,peggy,11
4143,pekes,1
4144,pekoe,1
4145,pelee,1
4146,pelts,1
4147,penal,3
4148,pence,9
4149,pends,1
4150,penis,1
4151,penna,1
4152,penny,15
4153,peons,1
4154,peony,1
4155,pepin,1
4156,peppy,1
4157,pepsi,1
4158,pepys,1
4159,perch,12
4160,percy,2
4161,perez,3
4162,peril,13
4163,perks,1
4164,perky,1
4165,perls,1
4166,perms,1
4167,peron,1
4168,perot,1
4169,perry,16
4170,perth,11
4171,pervs,1
4172,pesky,1
4173,pesos,1
4174,pesto,1
4175,pests,1
4176,petal,1
4177,peter,18
4178,petra,1
4179,petty,9
4180,pewee,1
4181,pewit,1
4182,phage,1
4183,phase,6
4184,phial,1
4185,phish,1
4186,phlox,1
4187,phone,1
4188,phony,1
4189,photo,1
4190,phyla,1
4191,piano,10
4192,picks,5
4193,picky,1
4194,picot,1
4195,piece,18
4196,piers,3
4197,piety,8
4198,piggy,1
4199,piing,1
4200,piked,1
4201,piker,1
4202,pikes,2
4203,pilaf,1
4204,piled,13
4205,piles,6
4206,pills,3
4207,pilot,14
4208,pimps,1
4209,pinch,9
4210,pined,3
4211,pines,12
4212,piney,2
4213,pings,1
4214,pinko,1
4215,pinks,3
4216,pinny,2
4217,pinon,2
4218,pinto,1
4219,pints,1
4220,pinup,1
4221,pious,12
4222,piped,7
4223,piper,3
4224,pipes,12
4225,pipit,1
4226,pique,2
4227,piste,1
4228,pitas,1
4229,pitch,16
4230,pithy,1
4231,piton,1
4232,pitta,1
4233,pitts,1
4234,pivot,7
4235,pixel,1
4236,pixie,1
4237,pizza,1
4238,place,19
4239,plaid,6
4240,plain,18
4241,plait,2
4242,plane,10
4243,plank,13
4244,plano,1
4245,plans,14
4246,plant,16
4247,plash,1
4248,plate,14
4249,plath,1
4250,plato,5
4251,plats,1
4252,platy,1
4253,plays,13
4254,plaza,1
4255,plead,15
4256,pleas,12
4257,pleat,1
4258,plebe,1
4259,plebs,1
4260,plied,1
4261,plies,1
4262,pliny,8
4263,plods,1
4264,plonk,1
4265,plops,1
4266,plots,8
4267,plows,1
4268,ploys,1
4269,pluck,15
4270,plugs,1
4271,plumb,5
4272,plume,5
4273,plump,10
4274,plums,14
4275,plumy,1
4276,plunk,1
4277,plush,1
4278,pluto,1
4279,pming,1
4280,poach,1
4281,pocks,1
4282,poems,16
4283,poesy,1
4284,poets,14
4285,point,19
4286,poise,7
4287,poked,7
4288,poker,2
4289,pokes,1
4290,pokey,1
4291,polar,11
4292,poled,1
4293,poles,10
4294,polio,1
4295,polka,1
4296,polls,6
4297,polly,1
4298,polyp,1
4299,polys,1
4300,pommy,1
4301,ponce,1
4302,poncy,1
4303,ponds,7
4304,pones,1
4305,pongs,1
4306,pooch,1
4307,pooed,1
4308,poofs,1
4309,poohs,1
4310,poole,1
4311,pools,10
4312,poona,1
4313,poops,1
4314,popes,1
4315,poppa,1
4316,poppy,1
4317,popup,1
4318,porch,15
4319,pored,1
4320,pores,1
4321,porgy,1
4322,porky,1
4323,porno,1
4324,porto,1
4325,ports,10
4326,posed,1
4327,poser,1
4328,poses,1
4329,posit,1
4330,posse,4
4331,posts,15
4332,potts,1
4333,potty,1
4334,pouch,3
4335,poufs,1
4336,pound,13
4337,pours,7
4338,pouts,1
4339,power,19
4340,poxes,1
4341,prada,1
4342,prado,1
4343,praia,1
4344,prams,1
4345,prang,1
4346,prank,1
4347,prate,3
4348,prats,1
4349,pratt,8
4350,prawn,1
4351,prays,3
4352,preen,1
4353,preps,1
4354,press,15
4355,preys,1
4356,priam,4
4357,price,17
4358,prick,11
4359,pride,18
4360,pried,1
4361,prier,1
4362,pries,1
4363,prigs,1
4364,prime,13
4365,primp,1
4366,print,13
4367,prion,1
4368,prior,9
4369,prism,1
4370,prius,1
4371,privy,8
4372,prize,16
4373,probe,1
4374,prods,1
4375,profs,1
4376,prole,1
4377,promo,1
4378,proms,1
4379,prone,10
4380,prong,1
4381,proof,17
4382,props,2
4383,prose,10
4384,prosy,1
4385,proud,18
4386,prove,17
4387,provo,1
4388,prowl,1
4389,prows,3
4390,proxy,1
4391,prude,1
4392,prune,5
4393,pryor,1
4394,psalm,9
4395,pseud,1
4396,pshaw,8
4397,psych,1
4398,pubes,1
4399,pubic,1
4400,pubis,1
4401,pucks,1
4402,pudgy,1
4403,puffs,8
4404,puffy,1
4405,puget,2
4406,puked,1
4407,pukes,1
4408,pukka,1
4409,puled,1
4410,pules,1
4411,pulls,4
4412,pulps,1
4413,pulpy,1
4414,pulse,14
4415,pumas,1
4416,pumps,11
4417,punch,6
4418,punic,1
4419,punks,1
4420,punts,1
4421,pupae,1
4422,pupal,1
4423,pupil,10
4424,puppy,11
4425,puree,1
4426,purer,8
4427,purge,12
4428,purim,5
4429,purls,1
4430,purrs,1
4431,purse,15
4432,purus,1
4433,pusan,1
4434,pusey,1
4435,pushy,1
4436,pussy,1
4437,putin,1
4438,putts,1
4439,putty,1
4440,pwned,1
4441,pygmy,1
4442,pylon,1
4443,pyotr,1
4444,pyres,1
4445,pyrex,1
4446,pyxes,1
4447,pzazz,1
4448,qatar,1
4449,quack,1
4450,quads,1
4451,quaff,2
4452,quail,2
4453,quake,5
4454,quaky,1
4455,qualm,1
4456,quark,1
4457,quart,2
4458,quash,1
4459,quasi,1
4460,quays,1
4461,queen,18
4462,queer,17
4463,quell,8
4464,query,4
4465,quest,12
4466,queue,1
4467,quick,17
4468,quids,1
4469,quiet,18
4470,quiff,1
4471,quill,6
4472,quilt,2
4473,quine,1
4474,quinn,1
4475,quins,1
4476,quint,1
4477,quips,1
4478,quire,5
4479,quirk,1
4480,quirt,1
4481,quite,19
4482,quito,3
4483,quits,4
4484,quoin,3
4485,quoit,1
4486,quota,1
4487,quote,2
4488,quoth,2
4489,quran,1
4490,rabat,1
4491,rabbi,8
4492,rabid,1
4493,rabin,1
4494,raced,6
4495,racer,1
4496,races,12
4497,racks,1
4498,radar,1
4499,radii,1
4500,radio,1
4501,radon,1
4502,rafts,2
4503,ragas,1
4504,raged,6
4505,rages,4
4506,ragga,1
4507,raids,1
4508,rails,5
4509,rains,6
4510,rainy,4
4511,raise,17
4512,rajah,1
4513,raked,4
4514,rakes,3
4515,rally,3
4516,ralph,1
4517,rambo,1
4518,ramie,1
4519,ramon,1
4520,ramos,1
4521,ramps,1
4522,ranch,1
4523,randi,1
4524,randy,1
4525,ranee,1
4526,range,12
4527,rangy,1
4528,ranks,15
4529,rants,1
4530,raoul,1
4531,raped,1
4532,raper,1
4533,rapes,1
4534,rapid,15
4535,rared,1
4536,rarer,2
4537,rares,1
4538,rasps,1
4539,raspy,1
4540,rasta,1
4541,rated,6
4542,rater,1
4543,rates,2
4544,ratio,1
4545,ratty,1
4546,raved,2
4547,ravel,1
4548,raven,9
4549,raver,1
4550,raves,1
4551,rawer,1
4552,rayon,1
4553,razed,1
4554,razes,1
4555,razor,10
4556,reach,17
4557,react,1
4558,reads,8
4559,ready,19
4560,realm,12
4561,reals,1
4562,reams,1
4563,reaps,1
4564,rearm,1
4565,rears,2
4566,rebel,13
4567,rebid,1
4568,rebus,1
4569,rebut,2
4570,recap,1
4571,recce,1
4572,recon,1
4573,recto,1
4574,recur,4
4575,redid,1
4576,redis,1
4577,redye,1
4578,reeds,10
4579,reedy,1
4580,reefs,2
4581,reeks,1
4582,reels,1
4583,reese,1
4584,reeve,1
4585,refer,8
4586,refit,1
4587,regal,11
4588,regex,1
4589,regor,1
4590,rehab,1
4591,reich,1
4592,reify,1
4593,reign,18
4594,reins,12
4595,rejig,1
4596,relax,2
4597,relay,1
4598,relic,1
4599,remap,1
4600,remit,3
4601,remix,1
4602,remus,1
4603,renal,1
4604,rends,1
4605,renee,1
4606,renew,11
4607,rents,3
4608,reorg,1
4609,repay,10
4610,repel,6
4611,reply,16
4612,reran,1
4613,rerun,1
4614,resat,1
4615,reset,1
4616,resew,1
4617,resin,1
4618,resit,1
4619,resow,1
4620,rests,10
4621,retch,1
4622,retie,1
4623,retro,1
4624,retry,1
4625,reuse,1
4626,revel,3
4627,revue,1
4628,rewed,1
4629,reyes,1
4630,reyna,1
4631,rheas,1
4632,rheum,1
4633,rhine,1
4634,rhino,1
4635,rhoda,1
4636,rhode,1
4637,rhone,1
4638,rhyme,10
4639,rials,1
4640,riced,1
4641,ricer,1
4642,rices,1
4643,ricks,1
4644,ricky,1
4645,rider,11
4646,rides,8
4647,ridge,12
4648,ridgy,1
4649,rifer,1
4650,riffs,1
4651,rifle,9
4652,rifts,1
4653,rigel,1
4654,riggs,1
4655,right,19
4656,rigid,13
4657,rigor,1
4658,riled,1
4659,riles,1
4660,riley,1
4661,rilke,1
4662,rills,4
4663,rimed,1
4664,rimes,1
4665,rinds,1
4666,ringo,1
4667,rings,16
4668,rinks,1
4669,rinse,1
4670,riots,3
4671,ripen,7
4672,riper,2
4673,risen,17
4674,riser,1
4675,rises,13
4676,risks,4
4677,risky,1
4678,rites,12
4679,ritzy,1
4680,rival,12
4681,rivas,1
4682,rived,1
4683,riven,2
4684,river,18
4685,rives,1
4686,rivet,9
4687,riyal,1
4688,rizal,1
4689,roach,1
4690,roads,13
4691,roams,1
4692,roans,1
4693,roars,1
4694,roast,11
4695,robby,1
4696,robed,7
4697,robes,13
4698,robin,9
4699,robot,1
4700,robyn,1
4701,rocco,1
4702,rocha,1
4703,roche,1
4704,rocks,17
4705,rocky,10
4706,rodeo,1
4707,rodin,1
4708,roger,1
4709,roget,1
4710,rogue,8
4711,roils,1
4712,rojas,1
4713,roles,1
4714,rolex,1
4715,rolls,13
4716,roman,16
4717,romeo,4
4718,romes,1
4719,romps,1
4720,ronda,1
4721,rondo,1
4722,ronny,1
4723,roods,2
4724,roofs,11
4725,rooks,1
4726,rooms,16
4727,roomy,1
4728,roost,1
4729,roots,16
4730,roped,1
4731,roper,1
4732,ropes,14
4733,roses,14
4734,rosie,1
4735,rosin,15
4736,rotas,1
4737,rotor,1
4738,roues,1
4739,rouge,2
4740,rough,15
4741,round,19
4742,rouse,12
4743,roust,1
4744,route,8
4745,routs,1
4746,roved,1
4747,rover,3
4748,roves,1
4749,rowan,1
4750,rowdy,2
4751,rowed,6
4752,rowel,1
4753,rower,1
4754,roxie,1
4755,royal,17
4756,royce,1
4757,rsfsr,1
4758,ruben,1
4759,rubes,1
4760,rubik,1
4761,rubin,1
4762,ruble,1
4763,rucks,1
4764,ruddy,11
4765,ruder,2
4766,ruffs,1
4767,rufus,2
4768,rugby,1
4769,ruing,1
4770,ruins,13
4771,ruled,13
4772,ruler,16
4773,rules,12
4774,rumba,1
4775,rummy,1
4776,rumor,3
4777,rumps,1
4778,runes,1
4779,rungs,1
4780,runic,1
4781,runny,1
4782,runts,1
4783,runty,1
4784,rupee,1
4785,rural,10
4786,ruses,1
4787,rushy,2
4788,rusks,1
4789,russo,1
4790,rusts,1
4791,rusty,4
4792,rutan,1
4793,rutty,1
4794,ryder,1
4795,saber,1
4796,sabik,1
4797,sabin,1
4798,sable,8
4799,sabot,1
4800,sabra,1
4801,sabre,2
4802,sacco,1
4803,sachs,1
4804,sacks,9
4805,sacra,1
4806,sadat,1
4807,sades,1
4808,sadhu,1
4809,sadie,1
4810,sadly,14
4811,safer,8
4812,safes,2
4813,sagan,1
4814,sagas,1
4815,sager,1
4816,sages,3
4817,saggy,1
4818,sahel,1
4819,sahib,1
4820,sails,16
4821,saint,14
4822,saiph,1
4823,saith,19
4824,sakai,1
4825,sakha,1
4826,salad,9
4827,salas,1
4828,salem,5
4829,sales,2
4830,sally,10
4831,salon,1
4832,salsa,1
4833,salts,3
4834,salty,1
4835,salve,1
4836,salvo,1
4837,samar,1
4838,samba,1
4839,sames,1
4840,samey,1
4841,sammy,15
4842,samoa,1
4843,sands,14
4844,sandy,6
4845,saner,3
4846,sangs,1
4847,sanka,1
4848,santa,5
4849,sappy,1
4850,sarah,15
4851,saran,1
4852,sarge,1
4853,saris,1
4854,sarky,1
4855,sarto,1
4856,sasha,1
4857,sassy,1
4858,satan,17
4859,satay,1
4860,sated,3
4861,sates,1
4862,satin,9
4863,satyr,1
4864,sauce,5
4865,saucy,7
4866,saudi,1
4867,sauna,1
4868,saute,1
4869,saved,18
4870,saver,1
4871,saves,5
4872,savor,4
4873,savoy,1
4874,savvy,1
4875,sawed,3
4876,saxes,1
4877,saxon,4
4878,scabs,1
4879,scads,1
4880,scags,1
4881,scala,1
4882,scald,1
4883,scale,13
4884,scalp,7
4885,scaly,5
4886,scamp,3
4887,scams,1
4888,scans,1
4889,scant,6
4890,scare,6
4891,scarf,12
4892,scarp,1
4893,scars,4
4894,scary,1
4895,scats,1
4896,scene,17
4897,scent,13
4898,schmo,1
4899,schwa,1
4900,scion,1
4901,scoff,2
4902,scold,5
4903,scone,3
4904,scoop,2
4905,scoot,2
4906,scope,7
4907,score,12
4908,scorn,15
4909,scots,1
4910,scott,7
4911,scour,1
4912,scout,5
4913,scowl,3
4914,scows,1
4915,scrag,1
4916,scram,1
4917,scrap,6
4918,scree,1
4919,screw,9
4920,scrim,1
4921,scrip,7
4922,scrod,1
4923,scrog,1
4924,scrub,6
4925,scrum,1
4926,scuba,1
4927,scuds,1
4928,scuff,1
4929,scull,7
4930,scums,1
4931,scurf,1
4932,seals,10
4933,seams,7
4934,seamy,1
4935,sears,1
4936,seato,1
4937,seats,14
4938,sebum,1
4939,sects,1
4940,sedan,1
4941,seder,1
4942,sedge,2
4943,sedgy,1
4944,sedna,1
4945,seeds,14
4946,seedy,1
4947,seeks,10
4948,seems,18
4949,seeps,1
4950,seers,7
4951,segre,1
4952,segue,1
4953,seiko,1
4954,seine,3
4955,seize,13
4956,selim,2
4957,sells,2
4958,selma,1
4959,semen,1
4960,semis,1
4961,sends,11
4962,senna,1
4963,senor,3
4964,sense,18
4965,seoul,1
4966,sepal,1
4967,sepia,1
4968,sepoy,1
4969,septa,1
4970,serbs,1
4971,serer,1
4972,serfs,2
4973,serge,1
4974,serif,1
4975,serra,1
4976,serum,1
4977,serve,18
4978,servo,1
4979,seton,1
4980,setts,1
4981,setup,1
4982,seuss,1
4983,seven,19
4984,sever,5
4985,sewed,7
4986,sewer,1
4987,sexed,1
4988,sexes,8
4989,shack,1
4990,shade,16
4991,shads,1
4992,shady,10
4993,shaft,9
4994,shags,1
4995,shahs,1
4996,shaka,1
4997,shake,17
4998,shaky,3
4999,shale,1
5000,shall,19
5001,shalt,19
5002,shame,18
5003,shams,1
5004,shana,1
5005,shane,1
5006,shank,4
5007,shape,17
5008,shard,1
5009,share,17
5010,shari,1
5011,shark,14
5012,sharp,17
5013,shaun,1
5014,shave,11
5015,shawl,11
5016,shawn,1
5017,shays,1
5018,sheaf,9
5019,shear,4
5020,sheba,13
5021,sheds,2
5022,sheen,1
5023,sheep,18
5024,sheer,10
5025,sheet,12
5026,shelf,12
5027,shell,12
5028,sheol,1
5029,sheri,1
5030,shewn,13
5031,shews,4
5032,shied,1
5033,shier,1
5034,shies,1
5035,shift,9
5036,shill,1
5037,shims,1
5038,shine,16
5039,shins,1
5040,shiny,10
5041,ships,18
5042,shire,1
5043,shirk,1
5044,shirr,4
5045,shirt,13
5046,shits,1
5047,shiva,1
5048,shivs,1
5049,shoal,8
5050,shoat,1
5051,shock,16
5052,shoes,16
5053,shone,15
5054,shook,17
5055,shoos,1
5056,shoot,15
5057,shops,12
5058,shore,17
5059,short,19
5060,shots,8
5061,shout,16
5062,shove,1
5063,shown,14
5064,shows,15
5065,showy,4
5066,shred,3
5067,shrek,1
5068,shrew,1
5069,shrub,4
5070,shrug,1
5071,shuck,1
5072,shula,1
5073,shuns,1
5074,shunt,1
5075,shush,1
5076,shuts,6
5077,shyer,1
5078,shyly,1
5079,sibyl,1
5080,sicko,1
5081,sicks,1
5082,sided,6
5083,sides,17
5084,sidle,1
5085,siege,13
5086,sieve,6
5087,sifts,1
5088,sighs,12
5089,sight,19
5090,sigma,1
5091,signs,17
5092,sikhs,1
5093,silas,10
5094,silks,2
5095,silky,1
5096,sills,2
5097,silly,16
5098,silos,1
5099,silts,1
5100,silty,1
5101,silva,1
5102,simon,16
5103,sinai,14
5104,since,19
5105,sines,1
5106,sinew,4
5107,singe,1
5108,singh,1
5109,sings,14
5110,sinks,7
5111,sinus,1
5112,sioux,1
5113,sired,1
5114,siren,1
5115,sires,3
5116,sisal,1
5117,sises,1
5118,sissy,1
5119,sitar,1
5120,sited,1
5121,sites,3
5122,sivan,1
5123,sixes,1
5124,sixth,15
5125,sixty,15
5126,sized,12
5127,sizer,1
5128,sizes,3
5129,skate,1
5130,skeet,1
5131,skein,1
5132,skews,1
5133,skids,1
5134,skied,1
5135,skier,1
5136,skies,14
5137,skiff,4
5138,skill,15
5139,skimp,1
5140,skims,1
5141,skins,13
5142,skint,1
5143,skips,1
5144,skirt,11
5145,skits,1
5146,skive,1
5147,skoal,1
5148,skuas,1
5149,skulk,3
5150,skull,15
5151,skunk,3
5152,skype,1
5153,slabs,7
5154,slack,11
5155,slags,1
5156,slain,18
5157,slake,1
5158,slams,1
5159,slang,3
5160,slant,2
5161,slaps,1
5162,slash,4
5163,slate,9
5164,slats,1
5165,slave,14
5166,slavs,1
5167,slays,1
5168,sleds,1
5169,sleek,7
5170,sleep,18
5171,sleet,10
5172,slept,16
5173,slews,1
5174,slice,7
5175,slick,1
5176,slide,11
5177,slier,1
5178,slime,9
5179,slims,1
5180,slimy,5
5181,sling,10
5182,slink,4
5183,slips,4
5184,slits,1
5185,sloan,1
5186,slobs,1
5187,sloes,1
5188,slogs,1
5189,sloop,8
5190,slope,12
5191,slops,1
5192,slosh,1
5193,sloth,3
5194,slots,1
5195,slows,1
5196,slued,1
5197,slues,1
5198,slugs,1
5199,slump,1
5200,slums,1
5201,slung,8
5202,slunk,6
5203,slurp,1
5204,slurs,1
5205,slush,2
5206,sluts,1
5207,slyly,1
5208,smack,5
5209,small,19
5210,smart,15
5211,smash,6
5212,smear,2
5213,smell,16
5214,smelt,8
5215,smile,18
5216,smirk,1
5217,smite,17
5218,smith,18
5219,smock,1
5220,smogs,1
5221,smoke,17
5222,smoky,5
5223,smote,18
5224,smurf,1
5225,smuts,1
5226,snack,1
5227,snafu,1
5228,snags,1
5229,snail,10
5230,snake,10
5231,snaky,7
5232,snaps,1
5233,snare,15
5234,snarf,1
5235,snark,1
5236,snarl,1
5237,snead,1
5238,sneak,1
5239,sneer,9
5240,snell,1
5241,snick,1
5242,snide,1
5243,sniff,1
5244,snipe,2
5245,snips,1
5246,snits,1
5247,snobs,2
5248,snogs,1
5249,snood,1
5250,snoop,1
5251,snoot,1
5252,snore,1
5253,snort,3
5254,snots,1
5255,snout,4
5256,snows,10
5257,snowy,12
5258,snubs,1
5259,snuff,7
5260,snugs,1
5261,soaks,1
5262,soaps,1
5263,soapy,1
5264,soars,2
5265,soave,1
5266,sober,14
5267,socks,8
5268,sodas,1
5269,soddy,1
5270,sodom,15
5271,sofas,2
5272,sofia,1
5273,softy,1
5274,soggy,2
5275,soils,3
5276,solar,4
5277,soled,1
5278,soles,11
5279,solid,16
5280,solis,1
5281,solon,1
5282,solos,1
5283,solve,7
5284,somme,1
5285,sonar,1
5286,songs,17
5287,sonia,1
5288,sonic,1
5289,sonja,1
5290,sonny,1
5291,sonya,1
5292,sooth,12
5293,sooty,5
5294,soppy,1
5295,sorer,1
5296,sores,4
5297,sorry,18
5298,sorta,1
5299,sorts,15
5300,soses,1
5301,sough,1
5302,souks,1
5303,souls,17
5304,sound,19
5305,soups,1
5306,soupy,1
5307,sours,1
5308,sousa,1
5309,souse,2
5310,south,18
5311,sowed,10
5312,sower,9
5313,soyuz,1
5314,space,17
5315,spade,14
5316,spahn,1
5317,spain,10
5318,spake,19
5319,spams,1
5320,spank,1
5321,spans,4
5322,spare,17
5323,spark,6
5324,spars,11
5325,spasm,9
5326,spate,1
5327,spats,1
5328,spawn,1
5329,spays,1
5330,speak,19
5331,spear,16
5332,speck,4
5333,specs,1
5334,speed,16
5335,speer,1
5336,spell,12
5337,spend,16
5338,spent,17
5339,sperm,18
5340,spews,1
5341,spica,1
5342,spice,7
5343,spics,1
5344,spicy,6
5345,spied,10
5346,spiel,1
5347,spies,12
5348,spiff,1
5349,spike,8
5350,spiky,1
5351,spill,4
5352,spine,12
5353,spins,2
5354,spinx,1
5355,spiny,1
5356,spire,3
5357,spiro,1
5358,spiry,1
5359,spite,17
5360,spits,1
5361,spitz,1
5362,spivs,1
5363,splat,1
5364,splay,1
5365,split,13
5366,spock,1
5367,spoil,17
5368,spoke,18
5369,spoof,1
5370,spook,1
5371,spool,2
5372,spoon,12
5373,spoor,1
5374,spore,1
5375,sport,13
5376,spots,12
5377,spout,15
5378,sprat,1
5379,spray,12
5380,spree,1
5381,sprig,2
5382,sprog,1
5383,spuds,1
5384,spume,1
5385,spumy,1
5386,spunk,1
5387,spurn,3
5388,spurs,5
5389,spurt,1
5390,sputa,1
5391,squab,1
5392,squad,1
5393,squat,3
5394,squaw,7
5395,squib,1
5396,squid,7
5397,stabs,2
5398,staci,1
5399,stack,2
5400,stacy,1
5401,stael,1
5402,staff,16
5403,stage,15
5404,stags,1
5405,stagy,1
5406,staid,13
5407,stain,11
5408,stair,8
5409,stake,11
5410,stale,7
5411,stalk,11
5412,stall,10
5413,stamp,8
5414,stand,19
5415,stank,4
5416,staph,1
5417,stare,14
5418,stark,10
5419,starr,1
5420,stars,18
5421,start,16
5422,stash,3
5423,state,18
5424,stats,1
5425,stave,9
5426,stays,11
5427,stdio,1
5428,stead,17
5429,steak,11
5430,steal,14
5431,steam,14
5432,steed,12
5433,steel,16
5434,steep,15
5435,steer,10
5436,stein,1
5437,stems,6
5438,steno,1
5439,stent,1
5440,steps,17
5441,stern,16
5442,stets,1
5443,steve,1
5444,stews,1
5445,stick,17
5446,sties,1
5447,stiff,13
5448,stile,6
5449,still,19
5450,stilt,1
5451,stine,1
5452,sting,12
5453,stink,8
5454,stint,1
5455,stirs,5
5456,stoat,1
5457,stock,15
5458,stoic,1
5459,stoke,1
5460,stole,14
5461,stomp,1
5462,stone,18
5463,stony,11
5464,stood,19
5465,stool,9
5466,stoop,12
5467,stops,9
5468,store,15
5469,stork,8
5470,storm,16
5471,story,18
5472,stoup,1
5473,stout,14
5474,stove,13
5475,stowe,1
5476,stows,1
5477,strap,2
5478,straw,15
5479,stray,10
5480,strep,1
5481,strew,7
5482,stria,1
5483,strip,13
5484,strop,1
5485,strum,1
5486,strut,1
5487,stubs,1
5488,stuck,14
5489,studs,3
5490,study,15
5491,stuff,16
5492,stump,12
5493,stung,10
5494,stunk,1
5495,stuns,1
5496,stunt,1
5497,style,16
5498,styli,1
5499,suave,1
5500,sucks,1
5501,sucre,1
5502,sudan,1
5503,sudra,1
5504,sudsy,1
5505,suede,1
5506,suety,1
5507,sugar,15
5508,suing,1
5509,suite,9
5510,suits,9
5511,sulfa,1
5512,sulks,3
5513,sulky,10
5514,sulla,1
5515,sully,1
5516,sumac,1
5517,sumps,1
5518,sunni,1
5519,sunny,12
5520,sunup,1
5521,super,1
5522,suppl,1
5523,supra,1
5524,surat,1
5525,surer,3
5526,surfs,1
5527,surge,5
5528,surly,4
5529,surya,1
5530,susan,18
5531,sushi,1
5532,susie,1
5533,swabs,1
5534,swags,1
5535,swain,1
5536,swami,1
5537,swamp,10
5538,swank,1
5539,swans,1
5540,swaps,1
5541,sward,1
5542,swarm,8
5543,swash,2
5544,swath,1
5545,swats,1
5546,sways,3
5547,swazi,1
5548,swear,17
5549,sweat,12
5550,swede,2
5551,sweep,14
5552,sweet,19
5553,swell,14
5554,swept,14
5555,swift,17
5556,swigs,1
5557,swill,1
5558,swims,10
5559,swine,12
5560,swing,11
5561,swipe,1
5562,swirl,1
5563,swish,1
5564,swiss,2
5565,switz,1
5566,swizz,1
5567,swoon,2
5568,swoop,1
5569,sword,19
5570,swore,12
5571,sworn,16
5572,swots,1
5573,swung,16
5574,sybil,1
5575,sykes,1
5576,sylph,1
5577,syncs,1
5578,synge,1
5579,synod,6
5580,synth,1
5581,syria,16
5582,syrup,1
5583,sysop,1
5584,tabby,1
5585,tabla,1
5586,table,19
5587,taboo,1
5588,tabor,10
5589,tacit,3
5590,tacks,2
5591,tacky,1
5592,tacos,1
5593,taegu,1
5594,taffy,1
5595,tagus,1
5596,tahoe,1
5597,taiga,1
5598,tails,12
5599,taine,1
5600,taint,8
5601,taken,19
5602,taker,1
5603,takes,16
5604,tales,13
5605,talks,12
5606,talky,1
5607,tally,7
5608,talon,1
5609,talus,1
5610,tamed,5
5611,tamer,4
5612,tames,2
5613,tamil,1
5614,tammi,1
5615,tammy,1
5616,tampa,1
5617,tamps,1
5618,tamra,1
5619,taney,1
5620,tango,1
5621,tangs,1
5622,tangy,1
5623,tania,1
5624,tanks,1
5625,tansy,1
5626,tanya,1
5627,tapas,1
5628,taped,1
5629,taper,4
5630,tapes,1
5631,tapir,1
5632,tardy,3
5633,tared,1
5634,tares,8
5635,tarim,1
5636,tarns,1
5637,taros,1
5638,tarot,1
5639,tarps,1
5640,tarry,15
5641,tarsi,1
5642,tarts,10
5643,tarty,1
5644,taser,1
5645,tasha,1
5646,tasks,5
5647,taste,18
5648,tasty,1
5649,tatar,1
5650,tater,1
5651,tatty,1
5652,tatum,1
5653,taunt,5
5654,taupe,1
5655,tawny,9
5656,taxed,5
5657,taxer,1
5658,taxes,3
5659,taxis,1
5660,taxon,1
5661,teach,18
5662,teaks,1
5663,teals,1
5664,teams,2
5665,tears,18
5666,teary,1
5667,tease,4
5668,teats,7
5669,techs,1
5670,teddy,1
5671,teems,1
5672,teens,1
5673,teeny,1
5674,teeth,17
5675,telex,1
5676,tells,15
5677,telly,1
5678,tempe,1
5679,tempo,1
5680,temps,1
5681,tempt,14
5682,tench,1
5683,tends,3
5684,tenet,1
5685,tenon,1
5686,tenor,7
5687,tense,1
5688,tenth,16
5689,tents,16
5690,tepee,1
5691,tepid,4
5692,terms,16
5693,terns,1
5694,terra,3
5695,terri,1
5696,terry,1
5697,terse,1
5698,tesla,1
5699,tesol,1
5700,tessa,1
5701,tests,3
5702,testy,1
5703,tetra,1
5704,tevet,1
5705,texan,1
5706,texas,10
5707,texes,1
5708,texts,2
5709,thais,1
5710,thane,13
5711,thanh,1
5712,thank,18
5713,thant,1
5714,tharp,1
5715,thaws,1
5716,thees,1
5717,theft,8
5718,their,19
5719,theme,11
5720,there,19
5721,therm,1
5722,these,19
5723,theta,1
5724,thews,4
5725,thick,18
5726,thief,16
5727,thieu,1
5728,thigh,14
5729,thine,19
5730,thing,19
5731,think,19
5732,thins,1
5733,third,18
5734,thole,1
5735,thong,1
5736,thorn,10
5737,those,19
5738,thoth,1
5739,thous,1
5740,three,19
5741,threw,17
5742,throb,8
5743,throe,2
5744,throw,16
5745,thrum,1
5746,thuds,1
5747,thugs,1
5748,thule,1
5749,thumb,14
5750,thump,9
5751,thunk,1
5752,thurs,1
5753,thyme,1
5754,tiara,2
5755,tiber,1
5756,tibet,1
5757,tibia,1
5758,ticks,1
5759,tidal,2
5760,tided,1
5761,tides,12
5762,tiers,4
5763,tiffs,1
5764,tiger,15
5765,tight,13
5766,tilde,1
5767,tiled,3
5768,tiler,1
5769,tiles,9
5770,tills,1
5771,tilts,1
5772,timed,6
5773,timer,1
5774,times,19
5775,timex,1
5776,timid,12
5777,timmy,1
5778,timon,1
5779,timor,2
5780,timur,1
5781,tines,1
5782,tinge,4
5783,tings,1
5784,tinny,1
5785,tints,7
5786,tipsy,3
5787,tired,16
5788,tires,8
5789,tirol,1
5790,tisha,1
5791,titan,1
5792,titch,1
5793,tithe,10
5794,title,13
5795,titty,1
5796,titus,11
5797,tizzy,1
5798,toads,1
5799,toady,1
5800,toast,4
5801,tobit,1
5802,today,14
5803,toddy,1
5804,toefl,1
5805,toffs,1
5806,togas,1
5807,toils,8
5808,tokay,1
5809,toked,1
5810,token,14
5811,tokes,1
5812,tokyo,1
5813,tolls,1
5814,tomas,1
5815,tombs,9
5816,tomes,1
5817,tommy,1
5818,tomsk,1
5819,tonal,1
5820,toned,3
5821,toner,1
5822,tones,12
5823,tonga,1
5824,tongs,11
5825,tonia,1
5826,tonic,1
5827,tonne,1
5828,tonto,1
5829,tonya,1
5830,tools,12
5831,tooth,13
5832,toots,1
5833,topaz,6
5834,topee,1
5835,topic,9
5836,topsy,2
5837,toque,1
5838,torah,1
5839,torch,10
5840,torso,1
5841,torte,1
5842,torts,1
5843,torus,1
5844,tosca,1
5845,total,13
5846,toted,1
5847,totem,1
5848,totes,1
5849,touch,18
5850,tough,8
5851,tours,1
5852,touts,1
5853,towed,8
5854,towel,4
5855,tower,17
5856,towns,15
5857,toxic,1
5858,toxin,1
5859,toyed,1
5860,trace,14
5861,traci,1
5862,track,13
5863,tract,6
5864,tracy,1
5865,trade,15
5866,trail,11
5867,train,16
5868,trait,2
5869,tramp,10
5870,trams,1
5871,trans,3
5872,traps,7
5873,trash,6
5874,trawl,1
5875,trays,1
5876,tread,15
5877,treas,1
5878,treat,13
5879,treed,1
5880,trees,19
5881,treks,1
5882,trend,1
5883,trent,1
5884,tress,1
5885,trews,1
5886,treys,1
5887,triad,1
5888,trial,16
5889,tribe,18
5890,trice,4
5891,trick,15
5892,tried,18
5893,trier,1
5894,tries,9
5895,trike,1
5896,trill,2
5897,trims,2
5898,trina,1
5899,trios,1
5900,tripe,1
5901,trips,1
5902,trite,1
5903,troll,1
5904,tromp,1
5905,trons,1
5906,troop,12
5907,trope,1
5908,troth,1
5909,trots,1
5910,trout,14
5911,trove,1
5912,trows,1
5913,troys,1
5914,truce,8
5915,truck,11
5916,trudy,1
5917,trued,1
5918,truer,6
5919,trues,1
5920,trugs,1
5921,truly,17
5922,trump,5
5923,trunk,14
5924,truss,1
5925,trust,18
5926,truth,19
5927,tryst,1
5928,tubal,8
5929,tubas,1
5930,tubby,1
5931,tubed,1
5932,tuber,1
5933,tubes,2
5934,tucks,1
5935,tudor,1
5936,tufts,5
5937,tulip,14
5938,tulle,1
5939,tulsa,1
5940,tumid,1
5941,tummy,1
5942,tumor,1
5943,tunas,1
5944,tuned,7
5945,tuner,1
5946,tunes,10
5947,tunic,1
5948,tunis,1
5949,tunny,1
5950,tuple,1
5951,tuque,1
5952,turbo,1
5953,turds,1
5954,turfs,1
5955,turfy,1
5956,turin,1
5957,turks,4
5958,turns,16
5959,turps,1
5960,tusks,4
5961,tutor,8
5962,tutsi,1
5963,tutti,2
5964,tutus,1
5965,tuxes,1
5966,twain,13
5967,twang,1
5968,twats,1
5969,tweak,1
5970,tweed,3
5971,tween,1
5972,tweet,1
5973,twerk,1
5974,twerp,1
5975,twice,17
5976,twigs,10
5977,twila,1
5978,twill,8
5979,twine,8
5980,twink,1
5981,twins,8
5982,twirl,2
5983,twist,10
5984,twits,1
5985,twixt,8
5986,tycho,1
5987,tying,5
5988,tykes,1
5989,tyler,1
5990,typed,1
5991,types,10
5992,typos,1
5993,tyree,1
5994,tyros,1
5995,tyson,1
5996,udall,1
5997,udder,1
5998,ukase,1
5999,ulcer,1
6000,ulnae,1
6001,ulnar,1
6002,ultra,1
6003,umbel,1
6004,umber,1
6005,umbra,1
6006,umiak,1
6007,umped,1
6008,unary,1
6009,unbar,7
6010,unbid,1
6011,unbox,1
6012,uncap,1
6013,uncle,17
6014,uncut,1
6015,under,19
6016,undid,1
6017,undue,3
6018,unfed,1
6019,unfit,10
6020,unfix,1
6021,unify,1
6022,union,14
6023,unite,11
6024,units,1
6025,unity,6
6026,unlit,1
6027,unman,1
6028,unmet,1
6029,unpin,1
6030,unsay,3
6031,unset,1
6032,untie,6
6033,until,19
6034,unwed,1
6035,unzip,1
6036,upend,1
6037,upped,1
6038,upper,16
6039,upset,10
6040,upton,1
6041,urals,1
6042,urban,1
6043,urged,14
6044,urges,6
6045,uriah,13
6046,uriel,10
6047,urine,1
6048,usage,11
6049,users,3
6050,usher,14
6051,using,13
6052,usual,18
6053,usurp,3
6054,usury,12
6055,uteri,1
6056,utica,1
6057,utter,16
6058,uvula,1
6059,uzbek,1
6060,vader,1
6061,vaduz,1
6062,vague,14
6063,vagus,1
6064,vales,10
6065,valet,6
6066,valid,1
6067,valor,2
6068,value,16
6069,valve,1
6070,vamps,2
6071,vance,1
6072,vanes,1
6073,vaped,1
6074,vapes,1
6075,vapid,1
6076,vapor,5
6077,vases,2
6078,vasts,1
6079,vault,10
6080,vaunt,2
6081,vaxes,1
6082,vedas,4
6083,veeps,1
6084,veers,2
6085,vegan,1
6086,vegas,1
6087,veges,1
6088,veils,2
6089,veins,12
6090,velar,1
6091,velds,1
6092,velez,1
6093,velma,1
6094,velum,1
6095,venal,1
6096,vends,1
6097,venom,7
6098,vents,1
6099,venue,1
6100,venus,2
6101,verbs,1
6102,verde,1
6103,verdi,1
6104,verge,5
6105,verna,1
6106,verne,1
6107,versa,1
6108,verse,13
6109,verso,1
6110,verve,1
6111,vesta,1
6112,vests,1
6113,vetch,1
6114,vexed,15
6115,vexes,1
6116,vials,7
6117,viand,1
6118,vibes,1
6119,vicar,4
6120,viced,1
6121,vices,6
6122,vichy,1
6123,vicki,1
6124,vicky,1
6125,vidal,1
6126,video,1
6127,views,15
6128,vigil,10
6129,vigor,4
6130,viler,1
6131,villa,12
6132,villi,1
6133,vilma,1
6134,vince,2
6135,vines,13
6136,vinyl,1
6137,viola,1
6138,viols,2
6139,viper,5
6140,viral,1
6141,vireo,1
6142,virgo,1
6143,virus,1
6144,visas,1
6145,vised,1
6146,vises,1
6147,visit,18
6148,visor,2
6149,vista,7
6150,vitae,1
6151,vital,12
6152,vitim,1
6153,vitus,1
6154,vivas,1
6155,vivid,12
6156,vixen,1
6157,vocab,1
6158,vocal,6
6159,vodka,1
6160,vogue,1
6161,voice,19
6162,voids,2
6163,voila,1
6164,voile,1
6165,voles,1
6166,volga,1
6167,volta,1
6168,volts,1
6169,volvo,1
6170,vomit,9
6171,vonda,1
6172,voted,3
6173,voter,2
6174,votes,4
6175,vouch,4
6176,vowed,13
6177,vowel,1
6178,vulva,1
6179,vying,1
6180,wacko,1
6181,wacks,1
6182,wacky,1
6183,waded,7
6184,wader,1
6185,wades,1
6186,wadge,1
6187,wadis,1
6188,wafer,4
6189,wafts,4
6190,waged,2
6191,wager,10
6192,wages,13
6193,wagon,8
6194,waifs,1
6195,wails,2
6196,wains,1
6197,waist,13
6198,waite,1
6199,waits,14
6200,waive,1
6201,waked,12
6202,waken,8
6203,wakes,10
6204,waldo,1
6205,waled,1
6206,wales,8
6207,walks,15
6208,walls,17
6209,wally,1
6210,walsh,1
6211,waltz,6
6212,wanda,1
6213,wands,1
6214,waned,2
6215,wanes,2
6216,wanks,1
6217,wanly,1
6218,wanna,1
6219,wants,16
6220,wards,8
6221,wares,6
6222,warez,1
6223,warms,1
6224,warns,1
6225,warps,1
6226,warts,1
6227,warty,1
6228,washy,1
6229,wasps,1
6230,waste,17
6231,watch,18
6232,water,19
6233,watts,1
6234,waugh,1
6235,waved,12
6236,waver,3
6237,waves,18
6238,waxed,14
6239,waxen,10
6240,waxes,4
6241,wayne,1
6242,wazoo,1
6243,weals,1
6244,weans,1
6245,wears,10
6246,weary,17
6247,weave,12
6248,weber,1
6249,wedge,10
6250,weeds,13
6251,weedy,5
6252,weeks,17
6253,weens,1
6254,weeny,2
6255,weeps,3
6256,weepy,1
6257,weest,1
6258,wefts,1
6259,weigh,12
6260,weill,1
6261,weird,7
6262,weirs,1
6263,weiss,1
6264,welds,1
6265,wells,12
6266,welly,1
6267,welsh,3
6268,welts,1
6269,wench,1
6270,wendi,1
6271,wends,1
6272,wendy,1
6273,wesak,1
6274,wests,1
6275,wetly,1
6276,wezen,1
6277,whack,1
6278,whale,19
6279,whams,1
6280,wharf,11
6281,whats,1
6282,wheal,1
6283,wheat,16
6284,wheel,17
6285,whelk,1
6286,whelm,2
6287,whelp,3
6288,whens,1
6289,where,19
6290,whets,1
6291,which,19
6292,whiff,4
6293,whigs,1
6294,while,19
6295,whims,6
6296,whine,3
6297,whiny,1
6298,whips,9
6299,whirl,8
6300,whirs,1
6301,whisk,1
6302,whist,8
6303,white,19
6304,whits,1
6305,whole,19
6306,whoop,2
6307,whops,1
6308,whore,11
6309,whorl,1
6310,whose,19
6311,whoso,15
6312,whups,1
6313,wicca,1
6314,wicks,1
6315,widen,2
6316,wider,11
6317,widow,16
6318,width,6
6319,wield,6
6320,wight,8
6321,wikis,1
6322,wilda,1
6323,wilde,5
6324,wilds,8
6325,wiled,1
6326,wiles,9
6327,wiley,1
6328,willa,1
6329,wills,6
6330,willy,1
6331,wilma,1
6332,wilts,1
6333,wimps,1
6334,wimpy,1
6335,wince,2
6336,winch,1
6337,winds,17
6338,windy,8
6339,wined,1
6340,wines,3
6341,wings,17
6342,winks,3
6343,winos,1
6344,wiped,11
6345,wiper,1
6346,wipes,1
6347,wired,2
6348,wires,4
6349,wised,1
6350,wiser,12
6351,wises,1
6352,wisps,2
6353,wispy,1
6354,witch,9
6355,withe,1
6356,witty,9
6357,wived,1
6358,wives,17
6359,wodge,1
6360,woken,2
6361,wolds,1
6362,wolfe,3
6363,wolff,1
6364,wolfs,1
6365,woman,19
6366,wombs,4
6367,women,19
6368,wonks,1
6369,wonky,1
6370,woods,17
6371,woody,7
6372,wooed,1
6373,wooer,1
6374,woofs,1
6375,woolf,1
6376,woozy,1
6377,words,19
6378,wordy,1
6379,works,19
6380,world,19
6381,worms,14
6382,wormy,1
6383,worry,8
6384,worse,18
6385,worst,16
6386,worth,18
6387,wotan,1
6388,would,19
6389,wound,16
6390,woven,11
6391,wowed,1
6392,wrack,3
6393,wraps,4
6394,wrath,18
6395,wreak,3
6396,wreck,13
6397,wrens,1
6398,wrest,9
6399,wring,7
6400,wrist,12
6401,write,18
6402,writs,1
6403,wrong,18
6404,wrote,17
6405,wroth,15
6406,wrung,8
6407,wryer,1
6408,wryly,1
6409,wuhan,1
6410,wurst,1
6411,wussy,1
6412,wyatt,1
6413,wyeth,1
6414,wylie,1
6415,xcvii,1
6416,xenia,1
6417,xenon,1
6418,xerox,1
6419,xhosa,1
6420,xians,1
6421,xingu,1
6422,xrefs,1
6423,xterm,1
6424,xviii,6
6425,xxiii,2
6426,xxvii,1
6427,xxxii,1
6428,xxxiv,1
6429,xxxix,1
6430,xxxvi,1
6431,xylem,1
6432,yacht,11
6433,yahoo,1
6434,yakut,1
6435,yalow,1
6436,yalta,1
6437,yanks,1
6438,yaqui,1
6439,yards,16
6440,yaren,1
6441,yarns,5
6442,yates,1
6443,yauco,1
6444,yawed,1
6445,yawls,1
6446,yawns,1
6447,yeahs,1
6448,yearn,2
6449,years,19
6450,yeast,3
6451,yeats,1
6452,yeggs,1
6453,yells,3
6454,yelps,1
6455,yemen,1
6456,yeses,1
6457,yetis,1
6458,yield,16
6459,yikes,1
6460,yobbo,1
6461,yodel,1
6462,yogic,1
6463,yogis,1
6464,yoked,5
6465,yokel,1
6466,yokes,5
6467,yolks,1
6468,yonks,1
6469,young,19
6470,yours,17
6471,youth,18
6472,yowls,1
6473,ypres,1
6474,yucca,1
6475,yucky,1
6476,yukky,1
6477,yukon,1
6478,yules,1
6479,yumas,1
6480,yummy,1
6481,yurts,1
6482,zaire,1
6483,zappa,1
6484,zappy,1
6485,zebra,1
6486,zebus,1
6487,zelig,1
6488,zelma,1
6489,zeros,1
6490,zests,1
6491,zesty,1
6492,zetas,1
6493,ziggy,1
6494,zilch,1
6495,zincs,1
6496,zines,1
6497,zings,1
6498,zingy,1
6499,zions,1
6500,zippy,1
6501,zloty,1
6502,zomba,1
6503,zonal,1
6504,zoned,2
6505,zones,8
6506,zooms,1
6507,zorch,1
6508,zorro,1
6509,zosma,1
6510,zukor,1
6511,zulus,1
