,answer,n_tries,last_n_choices,won,difficulty_level
5718,their,3.39,8.89,1.0,easy
4511,raise,3.44,8.27,1.0,easy
283,aside,3.47,5.49,1.0,easy
5733,third,3.47,10.06,1.0,easy
5104,since,3.48,10.33,1.0,easy
4593,reign,3.49,11.6,1.0,easy
6033,until,3.49,5.29,1.0,easy
939,cedar,3.5,10.08,1.0,easy
5102,simon,3.51,24.21,1.0,easy
3710,mourn,3.52,5.36,1.0,easy
13,abhor,3.52,71.2,1.0,easy
2264,ghost,3.52,4.11,1.0,easy
40,actor,3.52,23.07,1.0,easy
5279,solid,3.53,6.09,1.0,easy
2148,frost,3.54,7.89,1.0,easy
2767,idols,3.54,12.3,1.0,easy
6311,whoso,3.54,5.17,1.0,easy
1779,empty,3.55,8.44,1.0,easy
3930,ocean,3.55,4.5,1.0,easy
2031,flesh,3.55,4.03,1.0,easy
5483,strip,3.55,6.55,1.0,easy
316,aught,3.56,7.52,1.0,easy
5888,trial,3.56,7.1,1.0,easy
882,canst,3.56,8.91,1.0,easy
5507,sugar,3.57,70.08,1.0,easy
2481,habit,3.57,17.18,1.0,easy
6278,whale,3.57,4.28,1.0,easy
5310,south,3.58,3.0,1.0,easy
2266,giant,3.58,10.31,1.0,easy
4195,piece,3.58,12.57,1.0,easy
1757,elton,3.58,10.32,1.0,easy
4735,rosin,3.58,4.4,1.0,easy
54,adieu,3.58,5.57,1.0,easy
1567,doubt,3.58,8.87,1.0,easy
1486,dinah,3.59,9.17,1.0,easy
2128,fresh,3.59,9.35,1.0,easy
747,broad,3.59,6.5,1.0,easy
4383,prose,3.6,4.05,1.0,easy
4673,risen,3.6,14.01,1.0,easy
17,abode,3.6,8.1,1.0,easy
962,chaos,3.6,76.84,1.0,easy
3362,lucre,3.6,8.37,1.0,easy
6305,whole,3.6,10.05,1.0,easy
2830,isaac,3.6,6.66,1.0,easy
85,agent,3.6,6.64,1.0,easy
5156,slain,3.61,11.26,1.0,easy
5712,thank,3.61,9.45,1.0,easy
5581,syria,3.61,5.35,1.0,easy
1692,earth,3.62,4.76,1.0,easy
1788,enoch,3.62,3.18,1.0,easy
677,bosom,3.62,15.67,1.0,easy
3361,lucky,3.62,72.06,1.0,easy
4414,pulse,3.62,3.69,1.0,easy
4823,saith,3.62,11.43,1.0,easy
284,asked,3.62,69.81,1.0,easy
2761,ideas,3.62,17.88,1.0,easy
3812,negro,3.62,14.71,1.0,easy
4647,ridge,3.62,11.41,0.98,easy
2152,fruit,3.63,5.12,1.0,easy
957,chair,3.63,5.99,1.0,easy
1997,first,3.63,3.44,1.0,easy
6469,young,3.63,16.83,1.0,easy
2941,judah,3.63,79.27,1.0,easy
3747,music,3.63,5.38,1.0,easy
3945,often,3.64,4.43,1.0,easy
762,bruno,3.64,2.47,1.0,easy
133,alien,3.64,3.63,1.0,easy
1526,doers,3.64,15.86,0.99,easy
491,below,3.64,10.97,1.0,easy
1342,daisy,3.64,3.69,1.0,easy
3788,naomi,3.64,70.84,1.0,easy
6380,world,3.64,71.56,1.0,easy
473,begat,3.64,7.18,1.0,easy
809,burnt,3.65,5.91,1.0,easy
2442,guard,3.65,5.74,1.0,easy
778,build,3.65,5.76,1.0,easy
983,chest,3.65,6.96,1.0,easy
961,chant,3.65,6.93,1.0,easy
5849,touch,3.65,4.59,1.0,easy
3528,meant,3.65,19.65,1.0,easy
6019,unfit,3.65,5.94,1.0,easy
2599,herod,3.65,6.02,1.0,easy
3138,latin,3.65,6.44,1.0,easy
2835,islet,3.65,2.18,1.0,easy
4556,reach,3.65,7.53,1.0,easy
1743,elias,3.66,3.05,1.0,easy
1792,entry,3.66,3.85,1.0,easy
3169,least,3.66,9.43,0.99,easy
5052,shoes,3.66,11.63,0.99,easy
1626,drunk,3.66,14.9,1.0,easy
2839,italy,3.66,3.14,1.0,easy
431,bathe,3.66,4.34,1.0,easy
38,acted,3.66,7.52,1.0,easy
6432,yacht,3.67,4.5,1.0,easy
880,canoe,3.67,10.78,1.0,easy
4065,palsy,3.67,5.87,1.0,easy
1207,court,3.67,4.89,1.0,easy
5441,stern,3.67,5.45,1.0,easy
586,blind,3.67,16.63,1.0,easy
814,burst,3.67,6.56,1.0,easy
5579,synod,3.67,2.37,1.0,easy
200,angry,3.67,4.49,1.0,easy
3671,month,3.67,13.56,1.0,easy
1965,fiend,3.67,3.31,1.0,easy
6291,which,3.67,8.22,1.0,easy
5270,sodom,3.67,15.09,1.0,easy
2391,grasp,3.68,4.07,1.0,easy
4669,rinse,3.68,1.29,1.0,easy
6149,vista,3.68,3.26,1.0,easy
3929,occur,3.68,3.15,1.0,easy
5736,thorn,3.68,2.06,1.0,easy
6394,wrath,3.68,2.83,1.0,easy
6385,worst,3.68,4.21,1.0,easy
1298,cubit,3.68,4.84,1.0,easy
1728,egypt,3.68,7.75,1.0,easy
3589,midst,3.68,9.59,1.0,easy
6052,usual,3.68,5.1,1.0,easy
472,began,3.68,16.29,1.0,easy
5530,susan,3.69,14.92,1.0,easy
2415,grind,3.69,67.84,1.0,easy
3562,merit,3.69,6.71,1.0,easy
2701,house,3.69,6.82,1.0,easy
3141,laugh,3.69,19.01,1.0,easy
4006,ought,3.69,3.13,1.0,easy
152,alone,3.69,8.46,1.0,easy
6013,uncle,3.69,4.03,1.0,easy
5726,thief,3.69,7.01,1.0,easy
21,abram,3.7,14.14,1.0,easy
34,acorn,3.7,3.75,1.0,easy
3581,micah,3.7,10.66,1.0,easy
5365,split,3.7,3.21,1.0,easy
297,astir,3.7,2.67,1.0,easy
2565,heart,3.7,5.74,1.0,easy
4526,range,3.7,10.46,1.0,easy
1678,dwell,3.7,7.04,1.0,easy
1673,dutch,3.7,5.49,1.0,easy
5926,truth,3.7,3.58,1.0,easy
4656,rigid,3.7,5.55,1.0,easy
4862,satin,3.7,4.39,1.0,easy
264,arose,3.7,5.5,1.0,easy
1075,climb,3.7,6.26,1.0,easy
5223,smote,3.7,5.35,1.0,easy
1891,false,3.7,10.52,1.0,easy
6050,usher,3.7,5.37,0.99,easy
6261,weird,3.7,3.41,1.0,easy
14,abide,3.7,14.57,1.0,easy
5737,those,3.7,3.19,1.0,easy
2808,instr,3.7,1.91,1.0,easy
159,altar,3.71,4.54,1.0,easy
1095,cloud,3.71,3.85,1.0,easy
2630,hiram,3.71,3.17,1.0,easy
4559,ready,3.71,12.62,1.0,easy
4963,senor,3.71,2.41,1.0,easy
5839,torch,3.71,3.08,1.0,easy
1625,drums,3.72,4.46,1.0,easy
19,about,3.72,6.83,1.0,easy
3122,large,3.72,7.22,1.0,easy
4028,owned,3.72,4.35,0.99,easy
2837,issue,3.72,8.71,1.0,easy
1934,felix,3.72,14.74,1.0,easy
3973,onset,3.72,4.53,1.0,easy
4534,rapid,3.72,6.15,1.0,easy
6051,using,3.72,10.94,1.0,easy
3836,niece,3.72,8.68,1.0,easy
153,along,3.72,4.52,1.0,easy
6403,wrong,3.72,4.72,1.0,easy
3991,organ,3.72,6.15,1.0,easy
2447,guide,3.73,8.3,1.0,easy
1704,ebony,3.73,3.44,1.0,easy
6009,unbar,3.73,6.84,1.0,easy
4716,roman,3.73,9.8,1.0,easy
5975,twice,3.73,32.76,1.0,easy
5725,thick,3.73,8.87,1.0,easy
5338,spent,3.73,28.95,1.0,easy
331,avoid,3.73,11.55,1.0,easy
6303,white,3.73,4.63,1.0,easy
1034,cigar,3.73,5.76,1.0,easy
999,china,3.73,5.02,1.0,easy
150,aloft,3.73,12.18,1.0,easy
4207,pilot,3.73,5.01,1.0,easy
5876,tread,3.73,6.87,1.0,easy
2793,indus,3.73,1.95,1.0,easy
5297,sorry,3.73,5.05,0.99,easy
1447,depth,3.73,5.7,1.0,easy
195,angel,3.73,3.43,1.0,easy
196,anger,3.73,5.8,1.0,easy
4250,plato,3.74,4.0,1.0,easy
4755,royal,3.74,8.93,1.0,easy
2841,items,3.74,2.85,1.0,easy
4983,seven,3.74,6.11,1.0,easy
5661,teach,3.74,3.97,1.0,easy
2146,front,3.74,6.45,1.0,easy
3164,leapt,3.74,14.95,1.0,easy
1281,crowd,3.74,4.75,1.0,easy
5478,straw,3.74,6.17,1.0,easy
124,alert,3.74,4.59,1.0,easy
5744,throw,3.74,5.81,1.0,easy
6299,whirl,3.75,7.29,1.0,easy
2719,humor,3.75,5.38,1.0,easy
618,board,3.75,15.87,1.0,easy
258,arise,3.75,8.42,1.0,easy
174,amend,3.75,3.44,1.0,easy
2844,ivory,3.75,4.89,1.0,easy
5368,spoke,3.75,11.93,1.0,easy
5339,sperm,3.75,6.96,1.0,easy
5001,shalt,3.75,5.72,1.0,easy
5681,tempt,3.75,4.62,1.0,easy
2717,human,3.75,8.39,1.0,easy
4611,reply,3.75,11.17,1.0,easy
1416,deere,3.75,74.76,1.0,easy
4394,psalm,3.75,2.97,1.0,easy
2048,flora,3.75,5.41,1.0,easy
5337,spend,3.75,5.13,1.0,easy
1851,exact,3.75,6.62,1.0,easy
1066,clean,3.76,5.59,1.0,easy
5020,sheba,3.76,3.82,1.0,easy
6054,usury,3.76,5.95,1.0,easy
5810,token,3.76,6.9,1.0,easy
5218,smith,3.76,5.43,1.0,easy
5379,spray,3.76,12.4,1.0,easy
4858,satan,3.76,7.05,1.0,easy
6283,wheat,3.76,4.2,1.0,easy
4191,piano,3.76,6.28,1.0,easy
4269,pluck,3.76,74.44,1.0,easy
4385,proud,3.76,4.76,1.0,easy
2059,fluid,3.76,3.27,1.0,easy
3872,noisy,3.76,3.72,1.0,easy
3912,nymph,3.76,2.69,1.0,easy
2051,flour,3.76,6.03,1.0,easy
6388,would,3.76,3.43,1.0,easy
6045,uriah,3.76,7.3,1.0,easy
1502,dirty,3.76,5.27,1.0,easy
64,adopt,3.77,5.36,1.0,easy
765,brute,3.77,5.26,1.0,easy
2850,jacob,3.77,9.54,1.0,easy
5209,small,3.77,9.28,1.0,easy
991,chief,3.77,5.32,1.0,easy
2313,glory,3.77,4.05,1.0,easy
446,beach,3.77,12.94,1.0,easy
1290,crush,3.77,2.9,1.0,easy
3705,motor,3.77,6.84,1.0,easy
2742,hymns,3.77,9.3,1.0,easy
992,child,3.77,6.4,1.0,easy
1427,delay,3.77,16.09,1.0,easy
4001,oscar,3.77,1.57,1.0,easy
2569,heavy,3.77,26.69,1.0,easy
2689,horse,3.77,5.37,1.0,easy
2671,honor,3.77,4.83,1.0,easy
5548,swear,3.77,7.2,1.0,easy
1799,epsom,3.77,2.64,1.0,easy
224,anvil,3.77,4.23,1.0,easy
5937,tulip,3.77,4.21,1.0,easy
4197,piety,3.78,2.23,0.99,easy
6022,union,3.78,6.74,1.0,easy
1340,daily,3.78,10.71,1.0,easy
1092,close,3.78,11.93,1.0,easy
2388,grant,3.78,8.89,1.0,easy
1235,crash,3.78,4.25,1.0,easy
4850,sarah,3.78,4.3,0.99,easy
3766,myths,3.78,3.52,1.0,easy
3862,noble,3.78,5.4,1.0,easy
132,alice,3.78,5.93,1.0,easy
6401,write,3.78,9.77,0.99,easy
107,aisle,3.78,5.61,1.0,easy
2310,globe,3.78,71.85,1.0,easy
229,apart,3.78,5.22,1.0,easy
4318,porch,3.78,7.11,1.0,easy
729,brian,3.78,6.75,1.0,easy
6039,upset,3.78,2.07,1.0,easy
5059,short,3.79,5.11,1.0,easy
5058,shore,3.79,16.81,1.0,easy
1982,final,3.79,8.05,1.0,easy
2775,image,3.79,7.72,1.0,easy
562,black,3.79,5.59,1.0,easy
3233,lilac,3.79,4.65,1.0,easy
6161,voice,3.79,7.38,1.0,easy
1497,dipso,3.79,1.57,1.0,easy
1906,fatal,3.79,4.48,1.0,easy
5722,these,3.79,10.71,1.0,easy
4443,pyotr,3.79,1.39,1.0,easy
1472,didst,3.79,78.08,1.0,easy
5401,stael,3.79,1.15,1.0,easy
6030,unsay,3.79,1.98,1.0,easy
6471,youth,3.79,11.73,1.0,easy
1608,drift,3.79,2.99,1.0,easy
1353,dance,3.8,9.87,1.0,easy
1858,exist,3.8,3.83,1.0,easy
3214,liars,3.8,5.35,1.0,easy
4694,roast,3.8,4.55,0.97,easy
4863,satyr,3.8,1.48,1.0,easy
2691,hosea,3.8,5.83,1.0,easy
3884,north,3.8,6.76,1.0,easy
339,awful,3.8,5.48,1.0,easy
475,begin,3.8,6.79,1.0,easy
1463,diana,3.8,10.76,1.0,easy
1735,elbow,3.8,3.16,1.0,easy
3601,milky,3.8,6.98,1.0,easy
906,carlo,3.8,8.81,1.0,easy
929,cause,3.8,6.53,1.0,easy
5367,spoil,3.8,4.99,1.0,easy
5331,spear,3.8,5.21,1.0,easy
6259,weigh,3.8,6.27,1.0,easy
5710,thane,3.8,3.69,1.0,easy
1405,decay,3.8,70.01,0.99,easy
1067,clear,3.8,5.85,1.0,easy
2485,hadst,3.8,3.23,1.0,easy
1071,clerk,3.81,5.15,1.0,easy
2398,great,3.81,3.86,1.0,easy
1203,could,3.81,6.27,1.0,easy
2488,hagar,3.81,8.9,1.0,easy
6048,usage,3.81,10.67,0.99,easy
268,arrow,3.81,10.87,1.0,easy
1690,early,3.81,6.16,1.0,easy
3686,moral,3.81,8.71,1.0,easy
1022,chuck,3.81,4.26,1.0,easy
3653,mogul,3.81,3.43,1.0,easy
3668,money,3.81,12.01,1.0,easy
5283,solve,3.81,2.93,1.0,easy
337,aware,3.81,11.56,1.0,easy
3764,myrrh,3.81,2.91,1.0,easy
838,cabin,3.81,8.33,1.0,easy
3131,lasso,3.81,3.26,1.0,easy
4070,panic,3.81,5.33,1.0,easy
4329,posit,3.81,1.33,1.0,easy
3394,lying,3.81,13.04,0.98,easy
1679,dwelt,3.81,5.34,1.0,easy
1610,drink,3.81,5.59,1.0,easy
147,allow,3.81,5.79,1.0,easy
95,ahead,3.81,2.77,1.0,easy
65,adore,3.81,4.2,1.0,easy
1426,deity,3.81,4.26,1.0,easy
6280,wharf,3.81,3.66,1.0,easy
6267,welsh,3.81,1.57,1.0,easy
1226,craft,3.81,13.66,0.99,easy
4255,plead,3.81,5.7,0.99,easy
5053,shone,3.81,12.85,1.0,easy
5045,shirt,3.81,18.21,1.0,easy
4826,salad,3.81,3.93,1.0,easy
674,borne,3.82,6.03,1.0,easy
3240,limbs,3.82,7.14,0.99,easy
2155,fslic,3.82,1.32,1.0,easy
1454,devil,3.82,7.86,0.99,easy
5408,stair,3.82,2.89,1.0,easy
3871,noise,3.82,5.5,0.99,easy
2760,ideal,3.82,3.97,1.0,easy
1047,civil,3.82,20.27,1.0,easy
6147,visit,3.82,8.55,1.0,easy
1146,color,3.82,4.71,1.0,easy
2452,guise,3.82,5.46,1.0,easy
1093,cloth,3.82,4.61,1.0,easy
5776,timid,3.82,3.93,1.0,easy
4908,scorn,3.82,4.2,1.0,easy
235,april,3.82,6.24,1.0,easy
2596,henry,3.82,14.7,1.0,easy
5569,sword,3.82,5.45,1.0,easy
1550,doors,3.83,8.56,1.0,easy
3044,knees,3.83,9.84,1.0,easy
3055,known,3.83,4.46,1.0,easy
3165,learn,3.83,5.64,0.98,easy
1785,enemy,3.83,6.09,1.0,easy
1846,evils,3.83,5.99,1.0,easy
3559,mercy,3.83,8.58,1.0,easy
1389,dealt,3.83,4.92,1.0,easy
1018,chose,3.83,69.72,1.0,easy
617,blush,3.83,6.7,1.0,easy
552,birds,3.83,4.7,1.0,easy
554,bison,3.83,2.41,1.0,easy
5428,stead,3.83,16.07,0.99,easy
2720,humph,3.83,19.08,1.0,easy
4162,peril,3.83,4.68,1.0,easy
5091,signs,3.83,6.09,1.0,easy
5190,slope,3.83,3.86,1.0,easy
452,beard,3.83,4.61,1.0,easy
80,again,3.83,5.62,1.0,easy
1885,faith,3.83,13.21,1.0,easy
5793,tithe,3.83,6.19,0.99,easy
5749,thumb,3.84,3.32,1.0,easy
5686,tenor,3.84,2.7,1.0,easy
5889,tribe,3.84,5.39,1.0,easy
5976,twigs,3.84,6.91,1.0,easy
6032,untie,3.84,3.32,1.0,easy
4609,repay,3.84,5.7,1.0,easy
6308,whore,3.84,9.74,1.0,easy
5986,tycho,3.84,1.14,1.0,easy
3937,oddly,3.84,2.41,1.0,easy
2021,flash,3.84,8.78,1.0,easy
4396,pshaw,3.84,4.41,1.0,easy
2730,hurry,3.84,10.84,1.0,easy
2926,jonah,3.84,8.73,1.0,easy
5513,sulky,3.84,5.59,1.0,easy
779,built,3.84,6.24,1.0,easy
5497,style,3.84,9.62,1.0,easy
613,blunt,3.84,4.35,1.0,easy
4427,purge,3.84,5.04,1.0,easy
2752,icahn,3.84,1.3,1.0,easy
20,above,3.84,7.65,1.0,easy
5966,twain,3.84,4.26,1.0,easy
42,acute,3.84,3.64,1.0,easy
3142,laura,3.85,12.97,1.0,easy
4469,quiet,3.85,6.41,1.0,easy
2041,float,3.85,4.0,1.0,easy
5088,sighs,3.85,7.68,1.0,easy
2022,flask,3.85,32.17,1.0,easy
5741,threw,3.85,11.97,1.0,easy
4291,polar,3.85,5.98,1.0,easy
6365,woman,3.85,6.97,1.0,easy
2449,guild,3.85,6.1,1.0,easy
5097,silly,3.85,10.04,1.0,easy
2386,grand,3.85,69.35,0.99,easy
26,abyss,3.85,10.93,1.0,easy
1865,extra,3.85,3.76,1.0,easy
2289,given,3.85,10.9,1.0,easy
5427,stdio,3.85,1.27,1.0,easy
1113,coach,3.85,10.24,0.99,easy
3713,mouth,3.86,7.62,1.0,easy
2030,fleet,3.86,6.37,0.99,easy
6310,whose,3.86,6.03,1.0,easy
6406,wrung,3.86,6.83,1.0,easy
1668,durst,3.86,7.65,1.0,easy
6025,unity,3.86,5.49,1.0,easy
4274,plums,3.86,6.65,1.0,easy
5012,sharp,3.86,6.48,0.99,easy
5144,skirt,3.86,2.98,1.0,easy
4395,pseud,3.86,1.06,1.0,easy
2283,girls,3.86,73.43,1.0,easy
2090,force,3.86,14.29,1.0,easy
1331,cyrus,3.86,6.63,1.0,easy
1028,churl,3.86,2.28,1.0,easy
3618,minor,3.86,2.92,1.0,easy
4896,scene,3.86,12.07,1.0,easy
5481,strew,3.86,13.23,1.0,easy
1790,ensue,3.86,4.91,1.0,easy
3084,labor,3.86,4.99,0.99,easy
2429,group,3.86,5.48,1.0,easy
1084,cloak,3.86,2.71,1.0,easy
2668,honey,3.86,18.44,1.0,easy
6068,value,3.86,6.49,1.0,easy
117,alarm,3.87,6.3,1.0,easy
973,cheat,3.87,6.84,1.0,easy
2768,idyll,3.87,5.05,1.0,easy
3118,lapse,3.87,3.0,1.0,easy
3051,knock,3.87,4.3,1.0,easy
1395,death,3.87,4.9,1.0,easy
0,aaron,3.87,22.48,1.0,easy
1444,dense,3.87,7.04,1.0,easy
4883,scale,3.87,8.18,1.0,easy
3980,opera,3.87,2.65,1.0,easy
2521,hardy,3.87,13.41,1.0,easy
2695,hotel,3.87,6.34,0.99,easy
5958,turns,3.87,4.9,0.99,easy
3960,olive,3.87,9.64,1.0,easy
5720,there,3.87,4.72,1.0,easy
2421,groan,3.87,3.38,1.0,easy
199,anglo,3.87,2.23,1.0,easy
5571,sworn,3.87,7.7,1.0,easy
3285,loath,3.87,2.96,1.0,easy
1204,count,3.87,10.05,1.0,easy
2402,green,3.87,11.19,1.0,easy
260,armed,3.87,9.31,1.0,easy
2535,hasty,3.87,8.35,1.0,easy
4227,piste,3.87,1.32,1.0,easy
6127,views,3.87,8.82,0.99,easy
1730,eight,3.87,6.5,0.93,easy
1738,elect,3.87,4.17,1.0,easy
2813,inure,3.87,6.83,1.0,easy
2789,india,3.87,8.31,0.99,easy
1597,drawn,3.87,9.98,0.99,easy
756,broth,3.88,135.96,0.98,easy
1670,dusky,3.88,4.92,1.0,easy
6197,waist,3.88,8.68,1.0,easy
3384,lurid,3.88,2.53,1.0,easy
5601,taken,3.88,6.25,1.0,easy
5576,sylph,3.88,5.2,1.0,easy
5089,sight,3.88,6.03,0.96,easy
4092,party,3.88,5.94,0.99,easy
5085,siege,3.88,69.05,1.0,easy
5728,thigh,3.88,4.76,1.0,easy
422,basin,3.88,5.01,1.0,easy
421,basil,3.88,2.91,1.0,easy
5729,thine,3.88,5.22,1.0,easy
1949,fetch,3.88,9.82,1.0,easy
2046,floor,3.88,5.34,1.0,easy
1273,croft,3.88,8.98,1.0,easy
4366,print,3.88,6.07,1.0,easy
155,aloud,3.88,3.3,1.0,easy
60,admit,3.88,4.39,1.0,easy
2787,incur,3.88,1.94,1.0,easy
1817,error,3.88,3.71,1.0,easy
4560,realm,3.88,3.67,1.0,easy
4246,plant,3.88,6.68,1.0,easy
4248,plate,3.88,11.66,0.97,easy
5873,trash,3.88,2.98,0.97,easy
5891,trick,3.88,5.99,1.0,easy
3963,olsen,3.88,1.16,1.0,easy
3709,mount,3.88,12.04,0.98,easy
4285,point,3.89,13.36,1.0,easy
2451,guilt,3.89,8.72,1.0,easy
183,amity,3.89,4.28,1.0,easy
3054,knots,3.89,5.98,1.0,easy
3810,needy,3.89,6.97,1.0,easy
5731,think,3.89,5.93,1.0,easy
493,bench,3.89,5.93,1.0,easy
4924,scrub,3.89,3.09,1.0,easy
1316,curly,3.89,6.84,1.0,easy
5484,strop,3.89,1.44,1.0,easy
3699,mosul,3.89,1.22,1.0,easy
4921,scrip,3.89,3.08,1.0,easy
2638,hoary,3.89,4.25,1.0,easy
66,adorn,3.89,2.52,1.0,easy
2826,irons,3.89,5.4,1.0,easy
5928,tubal,3.89,5.08,1.0,easy
5914,truce,3.89,9.42,1.0,easy
3261,lions,3.89,13.89,1.0,easy
5214,smelt,3.89,1.94,1.0,easy
1884,fairy,3.89,19.73,0.99,easy
551,birch,3.89,3.88,1.0,easy
6362,wolfe,3.89,2.06,1.0,easy
5867,train,3.89,4.67,0.99,easy
1912,fault,3.89,10.79,1.0,easy
4744,route,3.89,2.59,1.0,easy
3058,knuth,3.89,1.56,1.0,easy
1050,claim,3.89,4.28,1.0,easy
5377,spout,3.9,10.4,1.0,easy
1531,dogma,3.9,3.32,1.0,easy
4240,plain,3.9,3.6,1.0,easy
720,bread,3.9,70.36,0.99,easy
5554,swept,3.9,6.13,1.0,easy
5745,thrum,3.9,1.46,1.0,easy
2120,fraud,3.9,4.01,1.0,easy
5836,topsy,3.9,2.27,1.0,easy
5292,sooth,3.9,2.75,1.0,easy
5215,smile,3.9,11.6,1.0,easy
5706,texas,3.9,4.24,1.0,easy
2141,frock,3.9,69.37,1.0,easy
5802,today,3.9,7.32,1.0,easy
1184,coral,3.9,4.14,1.0,easy
2065,flush,3.9,5.53,1.0,easy
4902,scold,3.9,4.79,1.0,easy
3908,nurse,3.9,5.06,0.99,easy
3424,maids,3.9,76.34,0.99,easy
3387,lusty,3.9,10.88,1.0,easy
510,beryl,3.9,3.62,1.0,easy
511,beset,3.9,23.89,1.0,easy
6170,vomit,3.9,14.62,1.0,easy
965,charm,3.9,6.82,1.0,easy
4690,roads,3.9,5.59,0.99,easy
3983,opium,3.9,9.21,1.0,easy
3989,orbit,3.9,1.81,1.0,easy
5923,trunk,3.9,3.67,1.0,easy
2737,hydra,3.9,1.4,1.0,easy
4864,sauce,3.91,3.3,0.99,easy
6015,under,3.91,5.43,1.0,easy
518,betsy,3.91,2.48,1.0,easy
2795,inert,3.91,2.61,1.0,easy
1500,dirge,3.91,3.96,1.0,easy
832,byron,3.91,69.1,1.0,easy
975,cheek,3.91,8.46,1.0,easy
6097,venom,3.91,7.14,0.99,easy
5782,tinge,3.91,14.34,1.0,easy
1706,eclat,3.91,1.72,1.0,easy
1256,crept,3.91,9.3,1.0,easy
2470,gusto,3.91,2.17,1.0,easy
3400,lyons,3.91,2.27,1.0,easy
3046,knelt,3.91,3.02,1.0,easy
5051,shock,3.91,6.38,1.0,easy
5580,synth,3.91,1.41,1.0,easy
3511,maybe,3.91,14.15,0.98,easy
4638,rhyme,3.91,5.3,1.0,easy
1286,cruet,3.91,4.08,1.0,easy
5835,topic,3.91,4.57,1.0,easy
6413,wyeth,3.91,1.61,1.0,easy
4431,purse,3.91,3.38,1.0,easy
93,agony,3.91,6.07,1.0,easy
6306,whoop,3.91,1.69,1.0,easy
5742,throb,3.91,2.75,1.0,easy
4810,sadly,3.91,5.58,1.0,easy
3962,olmec,3.91,2.09,1.0,easy
5172,slept,3.91,8.5,1.0,easy
4710,rogue,3.91,5.55,1.0,easy
5804,toefl,3.92,1.23,1.0,easy
3739,munro,3.92,1.81,1.0,easy
5396,squid,3.92,4.54,1.0,easy
2374,gourd,3.92,8.95,1.0,easy
266,array,3.92,5.78,1.0,easy
5910,trout,3.92,8.61,0.99,easy
3762,myrna,3.92,2.43,1.0,easy
3536,media,3.92,5.35,0.99,easy
3465,march,3.92,5.28,1.0,easy
5026,shelf,3.92,3.85,1.0,easy
190,amuse,3.92,12.69,1.0,easy
2563,heard,3.92,5.87,1.0,easy
1012,choir,3.92,1.84,1.0,easy
202,angus,3.92,7.58,1.0,easy
5330,speak,3.92,6.75,0.99,easy
5921,truly,3.92,3.42,0.99,easy
5844,tosca,3.92,1.47,1.0,easy
5054,shook,3.92,4.79,1.0,easy
5103,sinai,3.92,5.64,1.0,easy
4698,robin,3.92,4.92,1.0,easy
2002,fitly,3.92,2.56,1.0,easy
1801,equal,3.92,7.99,1.0,easy
4256,pleas,3.92,4.59,0.99,easy
605,blown,3.93,7.93,0.99,easy
5345,spied,3.93,7.39,1.0,easy
4798,sable,3.93,4.48,0.98,easy
4764,ruddy,3.93,10.17,0.98,easy
5108,singh,3.93,1.55,1.0,easy
5093,silas,3.93,75.63,0.99,easy
198,angle,3.93,9.91,1.0,easy
5464,stood,3.93,10.21,0.98,easy
4964,sense,3.93,13.74,1.0,easy
4742,rouse,3.93,5.87,0.99,easy
1832,ethos,3.93,1.58,1.0,easy
5880,trees,3.93,12.55,0.97,easy
3418,magic,3.93,3.86,1.0,easy
6443,yauco,3.93,1.7,1.0,easy
2729,huron,3.93,3.63,0.99,easy
2781,imply,3.93,2.23,1.0,easy
4135,pedro,3.93,5.12,1.0,easy
1070,cleft,3.93,2.48,1.0,easy
3632,misty,3.93,7.78,1.0,easy
6317,widow,3.93,13.85,1.0,easy
5641,tarsi,3.93,3.08,0.99,easy
186,among,3.93,15.81,1.0,easy
3920,oaths,3.93,4.41,1.0,easy
4127,pearl,3.93,3.96,1.0,easy
5549,sweat,3.93,2.77,1.0,easy
3339,louis,3.93,15.11,0.99,easy
323,avail,3.93,6.39,1.0,easy
2312,gloom,3.93,4.35,1.0,easy
5372,spoon,3.93,9.13,0.99,easy
478,begun,3.93,4.62,0.99,easy
3828,newly,3.93,4.57,1.0,easy
5906,troop,3.93,3.59,1.0,easy
4397,psych,3.93,1.42,1.0,easy
6023,unite,3.93,3.34,0.99,easy
4392,prune,3.94,8.3,1.0,easy
573,blast,3.94,4.42,1.0,easy
1291,crust,3.94,1.92,1.0,easy
4008,ounce,3.94,7.32,1.0,easy
4014,outre,3.94,1.52,1.0,easy
3081,laban,3.94,8.78,1.0,easy
1429,delhi,3.94,4.04,1.0,easy
481,being,3.94,17.4,1.0,easy
1288,crumb,3.94,2.41,1.0,easy
2114,frail,3.94,5.78,1.0,easy
5735,thong,3.94,1.35,1.0,easy
2320,gluon,3.94,1.52,1.0,easy
2600,heron,3.94,4.81,1.0,easy
5210,smart,3.94,3.22,1.0,easy
5276,solar,3.94,2.09,0.99,easy
187,amour,3.94,2.13,1.0,easy
192,andes,3.94,6.46,1.0,easy
4159,perch,3.94,4.21,1.0,easy
1013,choke,3.94,4.0,1.0,easy
4919,screw,3.94,3.25,1.0,easy
2080,folio,3.94,7.56,1.0,easy
3621,minsk,3.94,1.24,1.0,easy
874,canal,3.94,12.4,0.99,easy
6301,whisk,3.94,2.35,1.0,easy
2739,hyena,3.94,2.61,1.0,easy
4594,reins,3.94,6.47,0.99,easy
4358,prick,3.94,10.13,1.0,easy
3958,older,3.94,24.28,0.97,easy
1852,exalt,3.94,69.5,1.0,easy
2281,ginsu,3.94,1.39,1.0,easy
5069,shrub,3.94,67.01,1.0,easy
2652,hokum,3.94,1.83,1.0,easy
94,agree,3.94,9.73,1.0,easy
591,bliss,3.94,8.17,1.0,easy
4428,purim,3.95,2.02,1.0,easy
67,adult,3.95,1.86,1.0,easy
4282,poems,3.95,11.39,1.0,easy
1292,crypt,3.95,1.57,1.0,easy
5221,smoke,3.95,3.73,1.0,easy
2100,forty,3.95,8.78,1.0,easy
3377,lungs,3.95,7.81,0.99,easy
967,chart,3.95,9.51,0.99,easy
5124,sixth,3.95,20.69,1.0,easy
1828,ethan,3.95,2.65,1.0,easy
4278,pluto,3.95,2.01,1.0,easy
969,chase,3.95,4.74,1.0,easy
972,cheap,3.95,8.47,1.0,easy
2117,frank,3.95,5.52,1.0,easy
1807,ergot,3.95,1.8,1.0,easy
764,brush,3.95,2.14,1.0,easy
5257,snowy,3.95,4.18,1.0,easy
1841,event,3.95,13.23,1.0,easy
2788,index,3.95,3.66,1.0,easy
1519,dixon,3.95,9.92,1.0,easy
6323,wilde,3.95,5.45,1.0,easy
2333,godly,3.95,73.6,1.0,easy
3568,metal,3.95,5.62,0.98,easy
2510,haman,3.95,7.14,1.0,easy
5688,tenth,3.95,10.92,1.0,easy
553,birth,3.95,12.18,1.0,easy
721,break,3.95,18.2,1.0,easy
236,apron,3.96,4.0,1.0,easy
4705,rocky,3.96,5.72,1.0,easy
16,abner,3.96,9.01,0.98,easy
1466,diary,3.96,2.82,1.0,easy
3967,omega,3.96,2.25,0.99,easy
2164,fully,3.96,77.22,0.99,easy
935,cease,3.96,8.54,0.99,easy
5691,tepid,3.96,3.94,1.0,easy
5259,snuff,3.96,2.97,1.0,easy
3047,knife,3.96,5.95,0.99,easy
4785,rural,3.96,6.14,1.0,easy
1009,chloe,3.96,1.64,1.0,easy
5231,snaky,3.96,20.02,1.0,easy
2530,harsh,3.96,3.75,0.99,easy
5201,slung,3.96,10.62,0.99,easy
776,bugle,3.96,6.13,1.0,easy
160,alter,3.96,4.5,0.99,easy
5023,sheep,3.96,7.12,1.0,easy
3993,orion,3.96,7.1,0.99,easy
4740,rough,3.96,4.1,0.97,easy
1020,chris,3.96,2.09,1.0,easy
956,chain,3.96,5.92,1.0,easy
4111,pause,3.96,5.72,1.0,easy
4461,queen,3.96,9.06,1.0,easy
253,argue,3.96,30.62,1.0,easy
474,beget,3.96,5.94,1.0,easy
2771,ileum,3.96,2.87,1.0,easy
3090,laden,3.96,4.85,1.0,easy
2824,irish,3.96,4.17,1.0,easy
5915,truck,3.96,4.07,1.0,easy
6273,wesak,3.97,1.47,1.0,easy
6151,vital,3.97,4.04,1.0,easy
1782,endow,3.97,1.94,1.0,easy
5719,theme,3.97,5.73,1.0,easy
2763,idiot,3.97,3.46,1.0,easy
2328,gnupg,3.97,2.76,1.0,easy
3814,neigh,3.97,2.53,1.0,easy
1999,fishy,3.97,4.42,1.0,easy
1964,field,3.97,8.46,1.0,easy
583,bless,3.97,6.16,1.0,easy
70,aegis,3.97,1.7,1.0,easy
6400,wrist,3.97,3.9,1.0,easy
5866,trail,3.97,11.07,1.0,easy
2840,itchy,3.97,1.55,1.0,easy
3170,leave,3.97,5.33,1.0,easy
4821,saint,3.97,4.92,0.98,easy
6002,ultra,3.97,1.24,1.0,easy
3109,lance,3.97,70.01,1.0,easy
352,azure,3.98,5.24,0.99,easy
1284,crude,3.98,7.68,1.0,easy
209,ankle,3.98,67.83,0.98,easy
6458,yield,3.98,3.92,0.99,easy
5387,spurn,3.98,2.35,1.0,easy
1654,dunce,3.98,7.63,1.0,easy
3056,knows,3.98,3.72,1.0,easy
1156,comic,3.98,10.26,0.99,easy
4897,scent,3.98,5.15,1.0,easy
182,amiss,3.98,71.24,0.99,easy
2580,heirs,3.98,3.21,0.98,easy
5171,sleet,3.98,5.93,1.0,easy
5176,slide,3.98,4.58,0.98,easy
1245,cream,3.98,7.08,1.0,easy
3375,lunch,3.98,4.99,1.0,easy
5969,tweak,3.98,1.08,1.0,easy
5229,snail,3.98,6.52,1.0,easy
5699,tesol,3.98,1.53,1.0,easy
5925,trust,3.98,4.81,0.99,easy
1786,enjoy,3.98,5.97,1.0,easy
1909,fatso,3.98,1.22,0.99,easy
3449,manet,3.98,8.42,0.98,easy
1925,feast,3.98,3.74,1.0,easy
4789,russo,3.98,1.33,1.0,easy
6404,wrote,3.98,4.63,0.99,easy
1437,demon,3.98,3.92,0.99,easy
1601,dream,3.98,3.76,1.0,easy
4993,shaft,3.98,2.87,1.0,easy
602,bloom,3.98,9.17,0.99,easy
4283,poesy,3.98,1.19,1.0,easy
2172,funny,3.98,19.68,0.98,easy
6043,urged,3.99,5.7,1.0,easy
544,billy,3.99,20.29,0.99,easy
601,blood,3.99,5.56,0.99,easy
1379,david,3.99,16.13,0.99,easy
5786,tipsy,3.99,10.49,1.0,easy
4757,rsfsr,3.99,1.11,1.0,easy
4004,other,3.99,3.23,0.99,easy
5655,tawny,3.99,3.88,1.0,easy
3396,lymph,3.99,2.19,1.0,easy
3914,oakum,3.99,3.5,1.0,easy
5674,teeth,3.99,69.42,1.0,easy
3711,mouse,3.99,8.26,0.99,easy
5498,styli,3.99,1.17,1.0,easy
5750,thump,3.99,2.53,1.0,easy
1794,epcot,3.99,1.36,1.0,easy
3765,mysql,3.99,2.31,1.0,easy
63,adolf,3.99,1.82,1.0,easy
2751,ibsen,3.99,1.42,1.0,easy
4828,salem,3.99,2.94,1.0,easy
2571,hedge,3.99,4.57,1.0,easy
5138,skill,3.99,6.18,1.0,easy
4680,rival,3.99,11.15,0.99,easy
4190,phyla,3.99,2.34,1.0,easy
3986,optic,3.99,1.46,1.0,easy
4121,peace,3.99,5.1,1.0,easy
3941,odors,3.99,1.4,1.0,easy
3057,knurl,3.99,1.78,1.0,easy
5449,still,3.99,7.08,0.98,easy
3305,logic,3.99,3.24,1.0,easy
2738,hydro,3.99,1.27,1.0,easy
1864,extol,4.0,2.23,1.0,easy
6193,wagon,4.0,68.91,1.0,easy
3270,lithe,4.0,3.76,1.0,easy
5586,table,4.0,6.64,0.98,easy
5029,sheri,4.0,1.46,1.0,easy
741,bring,4.0,33.21,1.0,easy
3188,lemon,4.0,3.92,0.99,easy
5150,skull,4.0,8.64,1.0,easy
6246,weary,4.0,8.41,1.0,easy
4284,poets,4.0,5.37,0.99,easy
8,abbey,4.0,8.02,1.0,easy
5106,sinew,4.0,1.85,1.0,easy
2303,glean,4.0,2.16,1.0,easy
5063,shown,4.0,7.85,1.0,easy
2265,ghoul,4.0,1.62,1.0,easy
5030,shewn,4.0,5.77,1.0,easy
5865,trade,4.0,4.91,1.0,easy
2322,glyph,4.0,1.75,1.0,easy
958,chalk,4.0,2.61,1.0,easy
1593,drank,4.0,19.77,1.0,easy
1568,dough,4.0,4.25,0.98,easy
2944,judge,4.0,6.92,1.0,easy
3358,lucid,4.0,2.26,1.0,easy
6128,vigil,4.0,5.91,1.0,easy
1721,edwin,4.0,1.98,1.0,easy
1716,edify,4.0,2.52,1.0,easy
3218,libya,4.0,2.49,1.0,easy
2741,hymen,4.0,3.87,1.0,easy
2549,haydn,4.0,1.48,1.0,easy
1820,ervin,4.0,1.85,1.0,easy
1796,epics,4.0,2.81,1.0,easy
4528,ranks,4.0,7.74,1.0,easy
1485,dimly,4.0,4.16,0.99,easy
6040,upton,4.01,2.68,1.0,easy
5445,stick,4.01,7.61,1.0,easy
1115,coast,4.01,7.0,1.0,easy
1676,dwarf,4.01,1.83,1.0,easy
5376,spots,4.01,69.53,1.0,easy
6384,worse,4.01,5.58,0.99,easy
5304,sound,4.01,10.4,0.96,easy
5049,shoal,4.01,3.92,1.0,easy
4026,owing,4.01,5.44,0.98,easy
2448,guido,4.01,1.52,1.0,easy
1813,ernst,4.01,1.38,1.0,easy
3554,mensa,4.01,1.39,0.99,easy
1791,enter,4.01,8.57,1.0,easy
1766,email,4.01,1.54,1.0,easy
1806,erect,4.01,3.76,1.0,easy
5962,tutsi,4.01,2.28,1.0,easy
3984,oprah,4.01,1.5,1.0,easy
256,ariel,4.01,7.02,0.97,easy
5740,three,4.01,9.59,1.0,easy
3922,obese,4.01,1.33,1.0,easy
3927,ocaml,4.01,1.5,1.0,easy
859,caleb,4.01,71.07,1.0,easy
3704,motif,4.01,1.5,1.0,easy
2063,flung,4.01,7.56,1.0,easy
1966,fiery,4.01,4.09,1.0,easy
1285,cruel,4.01,6.55,1.0,easy
2042,flock,4.01,4.89,1.0,easy
5119,sitar,4.01,1.81,1.0,easy
974,check,4.01,4.64,1.0,easy
3043,kneel,4.01,3.48,1.0,easy
1289,cruse,4.01,2.17,0.99,easy
3979,opens,4.01,3.85,1.0,easy
6396,wreck,4.01,7.48,1.0,easy
6289,where,4.01,6.55,1.0,easy
29,aches,4.01,3.71,1.0,easy
2815,ioctl,4.01,1.3,1.0,easy
4423,pupil,4.01,7.74,1.0,easy
3853,nisan,4.02,2.09,0.99,easy
5381,sprig,4.02,1.79,1.0,easy
4239,plaid,4.02,4.16,1.0,easy
4484,quoin,4.02,10.29,1.0,easy
2834,isles,4.02,5.56,0.99,easy
3103,lambs,4.02,71.24,0.99,easy
5344,spicy,4.02,4.75,1.0,easy
5470,storm,4.02,8.04,0.98,easy
4898,schmo,4.02,2.46,1.0,easy
299,astor,4.02,2.12,1.0,easy
2636,hmong,4.02,1.41,1.0,easy
3957,olden,4.02,2.25,1.0,easy
5862,track,4.02,13.9,1.0,easy
5727,thieu,4.02,2.08,1.0,easy
1711,edgar,4.02,1.29,1.0,easy
6131,villa,4.02,6.56,1.0,easy
5588,tabor,4.02,3.77,0.98,easy
2446,guest,4.02,2.59,1.0,easy
4003,osman,4.02,1.62,1.0,easy
3299,loewi,4.02,2.49,1.0,easy
454,beast,4.02,5.01,0.99,easy
754,brook,4.02,9.98,1.0,easy
5987,tying,4.02,3.0,1.0,easy
3887,notch,4.02,2.92,1.0,easy
220,antic,4.02,2.04,1.0,easy
2534,haste,4.02,3.62,0.98,easy
2495,hairy,4.02,7.62,1.0,easy
2338,going,4.02,23.93,0.99,easy
910,carol,4.02,18.07,1.0,easy
3627,mirth,4.02,3.73,0.98,easy
2803,inner,4.02,5.96,0.98,easy
4574,recur,4.02,13.52,1.0,easy
1507,ditch,4.02,9.97,0.97,easy
1681,dying,4.03,8.13,0.99,easy
5519,sunny,4.03,5.47,1.0,easy
5440,steps,4.03,6.84,0.99,easy
4992,shady,4.03,5.05,1.0,easy
1086,clods,4.03,4.55,1.0,easy
278,ascot,4.03,1.63,1.0,easy
306,atoms,4.03,1.31,1.0,easy
2592,hence,4.03,5.28,0.99,easy
6367,women,4.03,5.71,1.0,easy
1952,fetid,4.03,2.33,1.0,easy
5041,ships,4.03,15.79,1.0,easy
4029,owner,4.03,12.98,1.0,easy
201,angst,4.03,1.19,1.0,easy
1705,echos,4.03,1.4,1.0,easy
5995,tyson,4.03,2.45,0.99,easy
709,brand,4.03,3.87,1.0,easy
5490,study,4.03,6.62,0.99,easy
5154,slack,4.03,8.92,1.0,easy
2494,hairs,4.03,72.79,0.99,easy
5181,sling,4.03,72.53,1.0,easy
5762,tiers,4.03,2.86,0.99,easy
3730,mulct,4.03,1.71,1.0,easy
5860,trace,4.03,5.03,0.99,easy
1787,ennui,4.03,3.26,1.0,easy
1190,corfu,4.03,1.58,1.0,easy
5794,title,4.03,6.47,1.0,easy
5799,toady,4.03,2.31,1.0,easy
2302,gleam,4.03,5.66,1.0,easy
732,brick,4.03,74.78,0.98,easy
5076,shuts,4.03,3.97,1.0,easy
189,amply,4.03,67.84,0.99,easy
1198,cosby,4.03,1.38,1.0,easy
3297,lodge,4.03,5.47,1.0,easy
3321,loose,4.03,72.55,0.99,easy
2827,irony,4.03,3.72,1.0,easy
2791,indio,4.03,2.15,1.0,easy
2732,hurts,4.03,3.93,1.0,easy
1325,cutie,4.03,1.47,1.0,easy
4966,sepal,4.03,1.95,0.99,easy
5462,stone,4.04,69.25,0.98,easy
4651,rifle,4.04,3.48,0.99,easy
3463,maple,4.04,8.12,1.0,easy
813,bursa,4.04,1.75,1.0,easy
476,begot,4.04,3.69,1.0,easy
4266,plots,4.04,15.42,0.99,easy
2653,holds,4.04,9.03,1.0,easy
5375,sport,4.04,11.36,1.0,easy
2762,idiom,4.04,2.06,1.0,easy
712,brass,4.04,10.87,0.99,easy
4381,proof,4.04,5.72,0.99,easy
4614,resat,4.04,1.42,1.0,easy
2384,grain,4.04,6.1,0.99,easy
5982,twirl,4.04,2.24,0.99,easy
4262,pliny,4.04,3.13,1.0,easy
3628,misdo,4.04,1.41,1.0,easy
3649,model,4.04,8.01,0.97,easy
4929,scull,4.04,3.29,0.99,easy
5593,taegu,4.04,1.31,1.0,easy
1843,every,4.04,5.2,1.0,easy
5266,sober,4.04,12.4,0.95,easy
5028,sheol,4.04,1.18,1.0,easy
5035,shift,4.04,2.87,1.0,easy
6014,uncut,4.04,1.37,1.0,easy
5730,thing,4.04,9.17,1.0,easy
1297,cubic,4.04,5.34,1.0,easy
1318,curse,4.04,11.65,0.98,easy
4977,serve,4.04,6.69,1.0,easy
5414,stand,4.04,70.24,0.98,easy
2807,inset,4.04,1.62,1.0,easy
2801,inlay,4.04,1.24,0.99,easy
1960,fichu,4.04,2.23,1.0,easy
2187,gaels,4.04,1.39,1.0,easy
5527,surge,4.05,2.45,0.99,easy
6046,uriel,4.05,70.03,1.0,easy
3052,knoll,4.05,2.61,1.0,easy
1746,elisa,4.05,1.31,1.0,easy
6294,while,4.05,6.01,1.0,easy
6284,wheel,4.05,7.83,1.0,easy
1612,drive,4.05,14.93,0.99,easy
1105,clung,4.05,4.61,1.0,easy
3403,lysol,4.05,2.12,1.0,easy
5961,tutor,4.05,7.6,0.99,easy
4209,pinch,4.05,6.02,0.99,easy
4911,scour,4.05,1.29,0.99,easy
5789,tirol,4.05,1.34,1.0,easy
3881,norma,4.05,3.84,0.99,easy
213,annoy,4.05,3.56,1.0,easy
5482,stria,4.05,1.08,1.0,easy
3276,livid,4.05,3.38,1.0,easy
5956,turin,4.05,1.47,1.0,easy
3675,moody,4.05,5.45,0.99,easy
2337,gogol,4.05,6.14,1.0,easy
707,brain,4.05,6.28,1.0,easy
4617,resin,4.05,1.42,0.99,easy
3397,lynch,4.05,1.32,1.0,easy
5180,slimy,4.05,2.55,1.0,easy
1630,dryly,4.05,2.51,1.0,easy
2772,iliad,4.05,2.19,1.0,easy
1604,dress,4.05,8.95,1.0,easy
6199,waits,4.05,11.75,0.97,easy
4686,rivet,4.05,5.43,1.0,easy
5084,sidle,4.05,1.12,1.0,easy
3168,leash,4.05,1.41,1.0,easy
790,bunch,4.05,6.25,0.99,easy
1,aback,4.05,13.53,0.99,easy
10,abdul,4.05,1.38,1.0,easy
1533,doing,4.06,6.9,0.99,easy
4848,santa,4.06,2.94,1.0,easy
1460,dhoti,4.06,1.98,0.99,easy
1471,dicta,4.06,1.99,1.0,easy
6000,ulnae,4.06,1.38,1.0,easy
4221,pious,4.06,5.62,1.0,easy
4174,pesto,4.06,1.79,1.0,easy
1719,edsel,4.06,1.34,1.0,easy
1697,eaten,4.06,6.19,0.98,easy
5325,spasm,4.06,6.75,1.0,easy
2035,flies,4.06,4.07,1.0,easy
2037,flint,4.06,5.78,1.0,easy
334,await,4.06,3.03,1.0,easy
3829,newsy,4.06,1.19,1.0,easy
3869,noemi,4.06,1.48,1.0,easy
3244,limit,4.06,4.0,1.0,easy
2598,herds,4.06,7.19,0.99,easy
272,artsy,4.06,1.45,1.0,easy
5211,smash,4.06,6.33,0.99,easy
4467,quick,4.06,12.22,1.0,easy
4922,scrod,4.06,1.45,1.0,easy
509,berth,4.06,7.08,1.0,easy
4801,sabre,4.06,2.31,1.0,easy
1797,epoch,4.06,1.41,1.0,easy
162,altos,4.06,3.11,0.98,easy
1831,ethic,4.06,1.35,1.0,easy
5991,types,4.06,71.66,0.99,easy
5939,tulsa,4.06,1.37,0.99,easy
3457,manly,4.06,19.41,0.99,easy
3291,locke,4.06,2.8,0.98,easy
4631,rheas,4.06,1.66,1.0,easy
4634,rhino,4.06,1.49,1.0,easy
1703,ebola,4.06,1.66,1.0,easy
5090,sigma,4.06,1.31,1.0,easy
3392,lydia,4.06,2.83,1.0,easy
1260,crews,4.06,6.36,0.98,easy
3547,melon,4.06,6.3,0.99,easy
3376,lunge,4.06,3.01,1.0,easy
3203,lethe,4.06,67.74,1.0,easy
4103,paths,4.06,12.58,0.99,easy
4108,patty,4.06,11.22,0.98,easy
1686,eagle,4.06,5.26,1.0,easy
1598,draws,4.06,11.72,0.99,easy
2544,haven,4.07,14.56,0.99,easy
3990,order,4.07,6.63,0.99,easy
149,aloes,4.07,5.05,1.0,easy
249,arena,4.07,2.46,1.0,easy
3774,nadir,4.07,1.47,1.0,easy
3657,moist,4.07,3.87,0.99,easy
3670,monte,4.07,1.43,1.0,easy
2060,fluke,4.07,6.42,1.0,easy
5869,tramp,4.07,3.01,1.0,easy
5764,tiger,4.07,7.41,0.94,easy
951,cesar,4.07,1.41,1.0,easy
76,afoot,4.07,4.43,1.0,easy
3793,nasal,4.07,3.4,0.99,easy
5503,sudra,4.07,1.5,1.0,easy
5170,sleep,4.07,7.96,1.0,easy
4770,ruins,4.07,7.07,0.99,easy
239,aptly,4.07,1.26,1.0,easy
47,added,4.07,18.14,1.0,easy
4245,plans,4.07,7.88,1.0,easy
1856,exert,4.07,5.78,1.0,easy
5406,staid,4.07,3.39,0.98,easy
5389,spurt,4.07,1.33,0.99,easy
206,anise,4.07,1.26,1.0,easy
2648,hoist,4.07,3.8,0.97,easy
5433,steel,4.07,8.53,0.99,easy
680,botha,4.07,1.76,0.99,easy
5015,shawl,4.07,2.65,1.0,easy
4967,sepia,4.07,2.16,1.0,easy
3733,multi,4.07,1.65,1.0,easy
2045,flood,4.07,3.56,0.99,easy
6318,width,4.07,3.81,0.99,easy
4865,saucy,4.07,4.5,1.0,easy
270,arson,4.07,1.61,0.99,easy
4465,quest,4.07,3.89,1.0,easy
2440,grunt,4.07,1.87,1.0,easy
569,bland,4.07,4.43,1.0,easy
4587,regal,4.07,6.6,1.0,easy
4024,ovule,4.07,1.41,0.98,easy
1699,eaton,4.07,1.5,0.99,easy
79,after,4.07,7.21,0.99,easy
4170,perth,4.07,4.55,1.0,easy
3167,lease,4.07,7.27,1.0,easy
3997,ortiz,4.07,1.88,0.99,easy
3294,locum,4.07,1.41,1.0,easy
4027,owlet,4.07,1.25,1.0,easy
5790,tisha,4.07,1.96,1.0,easy
5692,terms,4.07,5.13,0.98,easy
1315,curls,4.07,5.23,0.98,easy
5700,tessa,4.07,66.51,1.0,easy
2559,heads,4.07,19.49,0.98,easy
3391,lycra,4.07,1.37,1.0,easy
5528,surly,4.08,2.77,0.99,easy
134,align,4.08,1.4,1.0,easy
6386,worth,4.08,8.1,1.0,easy
1583,dozen,4.08,11.34,0.99,easy
23,abuse,4.08,13.72,1.0,easy
4868,saute,4.08,1.46,1.0,easy
6062,vague,4.08,11.49,0.99,easy
1473,diego,4.08,1.45,0.99,easy
1074,cliff,4.08,7.83,1.0,easy
582,blend,4.08,3.73,1.0,easy
6053,usurp,4.08,2.82,0.99,easy
324,avast,4.08,9.37,1.0,easy
2811,intro,4.08,1.39,1.0,easy
5317,spain,4.08,3.51,0.99,easy
5979,twine,4.08,3.38,1.0,easy
4368,prior,4.08,5.3,1.0,easy
1424,deism,4.08,1.45,1.0,easy
6302,whist,4.08,67.04,1.0,easy
2409,grief,4.08,7.83,1.0,easy
3309,loins,4.08,5.59,0.98,easy
3193,lento,4.08,3.03,1.0,easy
6044,urges,4.08,8.97,0.99,easy
1822,essay,4.08,1.52,1.0,easy
1446,depot,4.08,3.22,0.99,easy
6405,wroth,4.08,5.26,0.98,easy
1578,dowry,4.08,2.17,1.0,easy
3994,oriya,4.08,1.57,1.0,easy
1263,cried,4.08,9.64,0.99,easy
4000,osaka,4.08,2.19,1.0,easy
2169,fungi,4.08,1.65,1.0,easy
188,ample,4.08,4.69,0.99,easy
3677,moons,4.08,6.71,1.0,easy
3251,linen,4.08,6.69,0.99,easy
5163,slate,4.08,4.61,0.99,easy
46,adapt,4.08,4.5,1.0,easy
5818,tomsk,4.08,1.31,0.99,easy
5698,tesla,4.08,1.38,1.0,easy
308,atria,4.08,1.7,0.99,easy
2627,hints,4.08,5.29,0.97,easy
1016,chord,4.08,1.58,1.0,easy
4979,seton,4.08,1.22,1.0,easy
4936,seato,4.08,1.12,1.0,easy
4940,sedan,4.08,1.41,0.99,easy
580,bleed,4.09,8.58,1.0,easy
5431,steam,4.09,5.48,1.0,easy
5382,sprog,4.09,2.02,1.0,easy
1633,dubhe,4.09,1.6,1.0,easy
3290,local,4.09,8.44,0.99,easy
3489,mason,4.09,3.29,0.98,easy
2546,havoc,4.09,2.9,1.0,easy
3225,lieut,4.09,2.2,1.0,easy
1266,crime,4.09,3.46,1.0,easy
1222,coypu,4.09,1.17,1.0,easy
3367,luisa,4.09,1.58,1.0,easy
4965,seoul,4.09,1.47,1.0,easy
5717,theft,4.09,2.08,0.99,easy
3527,means,4.09,7.6,0.97,easy
2247,gelid,4.09,1.58,0.96,easy
2270,giddy,4.09,6.48,0.99,easy
2271,gifts,4.09,6.29,0.99,easy
303,atlas,4.09,1.97,1.0,easy
1062,clasp,4.09,1.96,1.0,easy
970,chasm,4.09,1.4,0.99,easy
963,chaps,4.09,16.59,0.98,easy
4771,ruled,4.09,4.17,0.99,easy
4884,scalp,4.09,6.86,0.96,easy
5040,shiny,4.09,6.11,1.0,easy
2473,gutsy,4.09,1.31,1.0,easy
305,atoll,4.09,1.84,1.0,easy
317,augur,4.09,4.34,1.0,easy
1004,chips,4.09,5.11,1.0,easy
1672,dusty,4.09,5.78,0.99,easy
6089,veins,4.09,74.42,1.0,easy
2802,inlet,4.09,2.72,1.0,easy
2734,husky,4.09,4.39,1.0,easy
6338,windy,4.09,6.66,0.99,easy
2783,inapt,4.09,1.18,1.0,easy
2996,keogh,4.09,1.43,1.0,easy
36,acrid,4.09,2.78,1.0,easy
4286,poise,4.09,13.28,0.98,easy
4491,rabbi,4.09,5.26,1.0,easy
72,aesop,4.09,3.72,1.0,easy
157,alsop,4.1,1.95,0.98,easy
4356,priam,4.1,3.52,0.95,easy
5347,spies,4.1,11.04,1.0,easy
1029,churn,4.1,1.45,1.0,easy
2806,input,4.1,1.34,1.0,easy
5582,syrup,4.1,3.31,1.0,easy
313,audit,4.1,1.57,1.0,easy
1341,dairy,4.1,3.54,0.99,easy
4046,pagan,4.1,9.75,0.99,easy
4741,round,4.1,10.8,0.94,easy
2098,forth,4.1,5.64,1.0,easy
5894,tries,4.1,5.82,0.96,easy
933,cavil,4.1,4.43,0.98,easy
781,bulge,4.1,2.47,1.0,easy
5831,tooth,4.1,4.52,1.0,easy
2587,helot,4.1,1.41,1.0,easy
2597,herbs,4.1,8.65,0.99,easy
4907,score,4.1,5.15,0.99,easy
3959,oldie,4.1,1.77,1.0,easy
1829,ethel,4.1,4.4,1.0,easy
4872,savor,4.1,5.15,0.96,easy
3946,ogden,4.1,1.88,1.0,easy
1268,crisp,4.1,2.48,1.0,easy
980,cheri,4.1,1.78,1.0,easy
3923,obeys,4.1,6.1,0.99,easy
3777,naiad,4.1,2.21,1.0,easy
2445,guess,4.1,7.83,0.99,easy
2423,groin,4.1,1.87,1.0,easy
1265,cries,4.1,5.66,0.98,easy
1684,dyson,4.1,1.57,1.0,easy
4822,saiph,4.1,1.62,0.99,easy
4053,pains,4.1,12.05,0.96,easy
3850,ninth,4.1,5.16,0.99,easy
4956,selim,4.1,1.89,1.0,easy
3856,nitro,4.1,6.95,0.99,easy
1970,fifty,4.1,8.18,1.0,easy
2557,hbase,4.1,1.27,0.99,easy
5286,songs,4.1,12.82,0.97,easy
5298,sorta,4.1,1.32,0.98,easy
5303,souls,4.1,6.97,0.99,easy
232,apish,4.1,1.73,1.0,easy
1151,comdr,4.1,1.39,1.0,easy
4635,rhoda,4.1,1.29,1.0,easy
156,alpha,4.1,3.84,0.99,easy
1867,exult,4.1,2.79,1.0,easy
596,block,4.1,2.91,1.0,easy
753,brood,4.1,4.24,1.0,easy
1715,edict,4.1,2.03,1.0,easy
6117,viand,4.1,1.79,1.0,easy
6082,vedas,4.1,2.49,0.99,easy
5189,sloop,4.11,3.85,0.99,easy
3107,lamps,4.11,11.16,0.96,easy
1632,dubai,4.11,1.49,1.0,easy
1667,duroc,4.11,1.8,0.99,easy
1380,davis,4.11,5.53,0.98,easy
4157,pepsi,4.11,1.75,1.0,easy
2825,irked,4.11,1.13,0.99,easy
4671,ripen,4.11,6.97,1.0,easy
4678,rites,4.11,9.61,0.96,easy
4689,roach,4.11,2.89,1.0,easy
223,antsy,4.11,1.56,1.0,easy
5169,sleek,4.11,2.45,1.0,easy
2558,hdqrs,4.11,1.35,1.0,easy
5488,stuck,4.11,5.98,1.0,easy
5493,stung,4.11,5.34,0.96,easy
2392,grass,4.11,18.76,0.99,easy
1251,creep,4.11,14.61,0.99,easy
2444,gucci,4.11,1.67,1.0,easy
2432,growl,4.11,2.33,0.98,easy
1358,dante,4.11,3.74,1.0,easy
3706,motto,4.11,6.76,1.0,easy
5694,terra,4.11,3.04,1.0,easy
2324,gnash,4.11,2.66,0.98,easy
5952,turbo,4.11,1.24,1.0,easy
5833,topaz,4.11,22.01,0.99,easy
1330,cyril,4.11,1.84,0.99,easy
1959,fiche,4.11,1.42,1.0,easy
2097,forte,4.11,4.72,1.0,easy
2066,flute,4.11,3.26,1.0,easy
1076,clime,4.11,4.27,0.99,easy
3048,knish,4.11,1.3,1.0,easy
4510,rainy,4.11,2.92,1.0,easy
4944,sedna,4.11,1.84,1.0,easy
1319,curve,4.11,16.81,1.0,easy
2927,jonas,4.11,8.04,0.98,easy
6056,utica,4.11,1.18,1.0,easy
3834,niche,4.11,2.24,1.0,easy
6026,unlit,4.11,1.46,1.0,easy
5460,stole,4.11,5.7,0.99,easy
2805,inonu,4.11,2.22,1.0,easy
271,artie,4.11,1.63,0.99,easy
1590,drake,4.11,68.72,0.97,easy
1439,demur,4.11,3.06,1.0,easy
2918,joint,4.12,2.87,1.0,easy
5314,space,4.12,5.27,0.98,easy
2942,judas,4.12,12.29,1.0,easy
138,alive,4.12,71.71,0.98,easy
139,alkyd,4.12,1.37,0.99,easy
119,album,4.12,1.49,1.0,easy
1591,drama,4.12,6.56,0.98,easy
2759,idaho,4.12,1.45,1.0,easy
5981,twins,4.12,5.12,0.99,easy
166,amado,4.12,2.81,1.0,easy
5992,typos,4.12,2.23,1.0,easy
2694,hosts,4.12,9.04,0.99,easy
3698,mossy,4.12,4.2,0.98,easy
5185,sloan,4.12,1.45,1.0,easy
5057,shops,4.12,70.8,0.99,easy
3561,merge,4.12,8.71,1.0,easy
1736,elder,4.12,7.73,1.0,easy
620,boast,4.12,5.99,0.99,easy
2407,greta,4.12,2.24,1.0,easy
203,anhui,4.12,3.39,1.0,easy
3863,nobly,4.12,7.99,0.98,easy
4981,setup,4.12,1.39,1.0,easy
6108,verse,4.12,6.49,0.99,easy
4969,septa,4.12,1.78,1.0,easy
221,antis,4.12,2.35,0.99,easy
5552,sweet,4.12,4.09,0.99,easy
341,awoke,4.12,3.05,1.0,easy
903,cargo,4.12,4.29,0.98,easy
763,brunt,4.12,1.66,1.0,easy
4012,outer,4.12,7.46,0.98,easy
3935,octet,4.12,1.76,1.0,easy
5878,treat,4.12,5.38,1.0,easy
5892,tried,4.12,7.35,0.98,easy
5780,timur,4.12,1.27,0.99,easy
4889,scant,4.12,2.2,1.0,easy
4760,rubik,4.12,1.44,1.0,easy
3940,odium,4.12,2.8,1.0,easy
1247,credo,4.12,1.44,1.0,easy
1258,crest,4.12,4.06,0.99,easy
2746,hypos,4.12,1.57,0.99,easy
2753,icbms,4.12,1.32,1.0,easy
4485,quoit,4.12,1.29,1.0,easy
3342,lousy,4.12,1.55,0.96,easy
1659,dunno,4.12,1.93,1.0,easy
5967,twang,4.13,1.33,1.0,easy
3217,libra,4.13,4.72,0.99,easy
3223,liege,4.13,3.52,1.0,easy
3250,lined,4.13,5.75,0.97,easy
1620,drove,4.13,4.18,0.99,easy
1717,edith,4.13,1.82,1.0,easy
3302,lofty,4.13,4.24,0.96,easy
2700,hours,4.13,6.42,0.98,easy
2718,humid,4.13,2.65,0.99,easy
5222,smoky,4.13,1.9,1.0,easy
5202,slunk,4.13,3.57,1.0,easy
1239,crawl,4.13,5.92,0.98,easy
4917,scrap,4.13,3.87,1.0,easy
4704,rocks,4.13,10.34,0.97,easy
5743,throe,4.13,1.33,1.0,easy
3724,muddy,4.13,15.46,0.98,easy
3813,nehru,4.13,1.3,1.0,easy
2523,harem,4.13,4.62,0.99,easy
2520,happy,4.13,11.91,0.99,easy
2306,glide,4.13,4.38,1.0,easy
90,aglow,4.13,1.96,1.0,easy
6350,wiser,4.13,6.63,0.97,easy
1749,eliza,4.13,3.99,1.0,easy
4186,phlox,4.13,2.61,1.0,easy
4699,robot,4.13,1.64,1.0,easy
612,bluff,4.13,3.9,1.0,easy
744,brisk,4.13,3.7,1.0,easy
1830,ether,4.13,4.29,1.0,easy
5471,story,4.13,5.25,0.99,easy
4349,pratt,4.13,5.09,0.99,easy
5640,tarry,4.13,11.84,0.97,easy
1774,emirs,4.13,2.12,0.99,easy
1805,erato,4.13,1.57,0.98,easy
185,amoco,4.13,1.75,1.0,easy
53,adept,4.13,1.32,1.0,easy
5985,twixt,4.13,3.94,1.0,easy
2962,kabul,4.13,3.33,1.0,easy
1038,cipro,4.13,1.58,0.99,easy
2765,idler,4.13,2.02,0.99,easy
676,bosch,4.14,1.49,1.0,easy
6055,uteri,4.14,1.14,1.0,easy
96,ahmad,4.14,1.59,1.0,easy
5583,sysop,4.14,2.16,1.0,easy
920,casio,4.14,2.05,1.0,easy
3566,meson,4.14,1.67,1.0,easy
3402,lyric,4.14,1.25,1.0,easy
5178,slime,4.14,3.27,0.99,easy
5038,shine,4.14,7.5,0.98,easy
5501,sucre,4.14,1.3,0.99,easy
2647,hoick,4.14,1.2,1.0,easy
3398,lynda,4.14,1.48,1.0,easy
526,bible,4.14,6.39,0.99,easy
584,bligh,4.14,1.96,1.0,easy
606,blows,4.14,8.45,1.0,easy
1689,earls,4.14,1.78,0.98,easy
6435,yalow,4.14,1.92,1.0,easy
2,abaft,4.14,1.59,1.0,easy
4437,putin,4.14,1.34,1.0,easy
2466,gupta,4.14,1.91,0.99,easy
2566,heath,4.14,5.66,1.0,easy
228,apace,4.14,14.05,0.99,easy
4975,serra,4.14,1.91,1.0,easy
4606,renew,4.14,4.59,0.99,easy
4359,pride,4.14,22.8,0.99,easy
5578,synge,4.14,1.34,1.0,easy
3025,kirby,4.14,1.96,0.99,easy
262,arneb,4.14,1.3,1.0,easy
2299,glass,4.14,15.13,0.99,easy
307,atone,4.14,3.49,1.0,easy
4630,reyna,4.14,1.73,1.0,easy
4913,scowl,4.14,2.18,0.99,easy
252,argot,4.14,1.43,1.0,easy
4734,rosie,4.14,1.57,1.0,easy
4791,rusty,4.14,69.17,0.97,easy
3956,okras,4.14,2.05,1.0,easy
2130,freud,4.14,1.34,1.0,easy
2016,flame,4.14,7.53,0.97,easy
3351,loyal,4.14,4.78,1.0,easy
5359,spite,4.14,3.51,0.99,easy
3944,offer,4.14,7.28,0.98,easy
3950,ogres,4.14,16.38,0.99,easy
5754,tiara,4.14,1.5,1.0,easy
5759,tidal,4.14,1.52,1.0,easy
2190,gaily,4.14,2.95,1.0,easy
3938,odell,4.14,1.17,1.0,easy
4655,right,4.14,4.86,0.95,easy
1498,dirac,4.15,1.7,1.0,easy
1231,crane,4.15,5.63,0.95,easy
1937,felon,4.15,4.04,1.0,easy
1874,facts,4.15,13.8,0.99,easy
512,besom,4.15,1.99,1.0,easy
3857,nivea,4.15,2.74,0.99,easy
5596,tahoe,4.15,1.45,1.0,easy
2776,imago,4.15,1.82,1.0,easy
2625,hinge,4.15,5.89,0.99,easy
2426,grope,4.15,4.8,0.99,easy
4371,privy,4.15,3.68,1.0,easy
6103,verdi,4.15,1.54,1.0,easy
5978,twill,4.15,3.08,1.0,easy
2658,holst,4.15,1.75,0.99,easy
5555,swift,4.15,3.17,0.99,easy
3413,madam,4.15,7.4,0.99,easy
6412,wyatt,4.15,1.34,1.0,easy
1623,drugs,4.15,8.04,0.99,easy
3761,mynas,4.15,1.47,1.0,easy
4183,phase,4.15,2.37,1.0,easy
6470,yours,4.15,5.92,0.97,easy
4481,quite,4.15,7.16,1.0,easy
5723,theta,4.15,2.22,1.0,easy
2372,gouge,4.15,3.1,1.0,easy
1741,elfin,4.15,2.16,1.0,easy
4272,plume,4.15,3.67,1.0,easy
4539,raspy,4.15,1.39,0.99,easy
1523,dodge,4.15,16.03,0.98,easy
6036,upend,4.15,1.33,0.99,easy
5080,sicko,4.15,1.7,0.99,easy
3534,medan,4.15,2.14,1.0,easy
3620,minot,4.15,1.85,1.0,easy
5468,store,4.15,4.5,0.97,easy
3230,liken,4.15,3.89,1.0,easy
5233,snare,4.15,3.57,1.0,easy
665,booty,4.15,7.52,1.0,easy
5152,skype,4.15,1.21,0.99,easy
6155,vivid,4.15,6.44,1.0,easy
18,abort,4.15,1.28,1.0,easy
1816,errol,4.15,1.57,1.0,easy
1777,emory,4.15,1.82,1.0,easy
5840,torso,4.15,1.47,0.99,easy
1628,dryad,4.15,1.26,1.0,easy
2833,islam,4.15,1.28,1.0,easy
3040,knave,4.15,4.13,1.0,easy
2143,frogs,4.15,5.46,0.96,easy
51,adela,4.15,9.06,1.0,easy
1096,clout,4.15,1.58,1.0,easy
5346,spiel,4.15,1.7,1.0,easy
3359,lucio,4.15,1.74,1.0,easy
5522,suppl,4.15,1.08,1.0,easy
5779,timor,4.15,2.92,1.0,easy
3934,octal,4.15,1.57,1.0,easy
3999,osage,4.15,1.42,1.0,easy
4799,sabot,4.15,2.33,0.99,easy
6309,whorl,4.16,1.31,1.0,easy
1634,ducal,4.16,2.33,1.0,easy
158,altai,4.16,1.18,1.0,easy
1100,clubs,4.16,4.56,1.0,easy
5605,talks,4.16,6.96,1.0,easy
5613,tamil,4.16,1.23,1.0,easy
1104,clump,4.16,2.15,1.0,easy
3655,moira,4.16,1.29,1.0,easy
5996,udall,4.16,1.32,1.0,easy
6028,unmet,4.16,1.89,1.0,easy
292,assay,4.16,5.91,1.0,easy
1114,coals,4.16,7.73,0.98,easy
5334,speed,4.16,7.97,0.99,easy
5125,sixty,4.16,5.09,0.99,easy
5927,tryst,4.16,1.15,1.0,easy
5994,tyros,4.16,1.73,1.0,easy
1669,durum,4.16,1.73,1.0,easy
4045,paean,4.16,1.08,0.99,easy
2123,freda,4.16,1.51,1.0,easy
4619,resow,4.16,1.87,1.0,easy
5751,thunk,4.16,1.19,1.0,easy
2831,ishim,4.16,1.32,1.0,easy
4064,palmy,4.16,17.49,0.99,easy
6119,vicar,4.16,2.28,1.0,easy
4728,roost,4.16,1.42,1.0,easy
5217,smite,4.16,3.82,1.0,easy
1847,evita,4.16,2.95,1.0,easy
2799,ingot,4.16,1.3,1.0,easy
2378,grace,4.16,6.46,1.0,easy
5542,swarm,4.16,3.6,0.99,easy
1170,contd,4.16,2.36,1.0,easy
2562,heaps,4.16,4.34,1.0,easy
2541,haunt,4.16,4.47,0.97,easy
535,bigot,4.16,1.89,0.99,easy
5182,slink,4.16,4.31,1.0,easy
1054,clang,4.17,2.84,1.0,easy
3213,lhasa,4.17,1.09,1.0,easy
6324,wilds,4.17,7.47,0.99,easy
6211,waltz,4.17,4.04,0.99,easy
6230,waste,4.17,12.57,0.98,easy
2613,hijab,4.17,1.92,1.0,easy
6011,unbox,4.17,1.52,1.0,easy
6017,undue,4.17,2.06,1.0,easy
2699,houri,4.17,1.32,1.0,easy
4844,sandy,4.17,2.9,0.97,easy
3743,murky,4.17,3.46,1.0,easy
3808,necks,4.17,5.64,0.99,easy
2687,horns,4.17,7.59,0.98,easy
4600,remit,4.17,4.18,0.99,easy
6136,vinyl,4.17,1.14,1.0,easy
5079,sibyl,4.17,1.26,1.0,easy
387,balmy,4.17,4.13,0.99,easy
4920,scrim,4.17,1.29,1.0,easy
808,burns,4.17,5.33,0.99,easy
230,aphid,4.17,3.59,1.0,easy
1902,farsi,4.17,1.3,1.0,easy
5506,suety,4.17,1.15,1.0,easy
2709,hubei,4.17,2.68,1.0,easy
2068,flynn,4.17,1.44,1.0,easy
3981,opine,4.17,2.29,1.0,easy
2334,godot,4.17,1.28,1.0,easy
2209,gansu,4.17,1.86,1.0,easy
4891,scarf,4.17,8.2,0.99,easy
269,arsed,4.17,1.23,1.0,easy
977,cheer,4.17,8.31,0.99,easy
5463,stony,4.17,6.43,0.98,easy
5465,stool,4.17,7.49,0.97,easy
4234,pivot,4.17,4.12,1.0,easy
5724,thews,4.17,3.42,0.99,easy
1259,crete,4.17,3.09,1.0,easy
1854,excel,4.17,11.25,1.0,easy
563,blade,4.17,19.72,0.97,easy
3179,legal,4.17,4.65,0.98,easy
5136,skies,4.17,5.44,0.98,easy
5193,sloth,4.17,1.6,0.98,easy
154,aloof,4.17,4.06,0.99,easy
6111,vesta,4.18,1.72,1.0,easy
1509,ditto,4.18,2.1,1.0,easy
48,adder,4.18,3.96,0.99,easy
55,adios,4.18,1.96,0.99,easy
115,alamo,4.18,6.33,1.0,easy
3080,kyoto,4.18,4.55,1.0,easy
2958,junta,4.18,1.85,0.99,easy
169,amati,4.18,1.63,1.0,easy
193,andre,4.18,2.47,1.0,easy
1493,dingy,4.18,4.97,0.97,easy
6006,umiak,4.18,5.25,1.0,easy
6021,unify,4.18,1.08,1.0,easy
5420,stars,4.18,5.62,0.98,easy
5448,stile,4.18,2.42,0.98,easy
3522,mckay,4.18,4.8,0.99,easy
3423,mahdi,4.18,1.64,0.98,easy
784,bulky,4.18,3.21,0.99,easy
3776,nahum,4.18,2.36,0.99,easy
513,besot,4.18,66.77,1.0,easy
5553,swell,4.18,4.15,0.98,easy
1160,comte,4.18,4.57,1.0,easy
245,arden,4.18,1.39,0.99,easy
3870,nohow,4.18,1.41,1.0,easy
3851,niobe,4.18,2.57,1.0,easy
4830,sally,4.18,15.15,1.0,easy
2323,gnarl,4.18,1.62,1.0,easy
3971,onega,4.18,4.04,1.0,easy
4906,scope,4.18,2.53,1.0,easy
4761,rubin,4.18,1.37,1.0,easy
3964,olson,4.18,1.33,0.99,easy
4648,ridgy,4.18,1.14,1.0,easy
979,chemo,4.18,1.49,0.99,easy
3344,loved,4.18,10.4,0.98,easy
5947,tunic,4.18,1.76,0.99,easy
5983,twist,4.18,2.59,1.0,easy
5856,towns,4.18,5.69,0.97,easy
742,brink,4.18,3.05,1.0,easy
1279,cross,4.18,8.26,1.0,easy
1833,ethyl,4.18,1.26,1.0,easy
1737,eldon,4.18,1.22,1.0,easy
4590,rehab,4.18,3.76,0.98,easy
4548,raven,4.18,3.76,0.99,easy
1516,divot,4.19,2.87,1.0,easy
6260,weill,4.19,2.77,1.0,easy
285,askew,4.19,1.27,0.99,easy
1618,drops,4.19,4.07,0.97,easy
1434,delta,4.19,2.13,0.99,easy
6012,uncap,4.19,1.76,1.0,easy
208,ankhs,4.19,1.86,1.0,easy
233,apple,4.19,7.67,1.0,easy
5018,sheaf,4.19,2.71,0.98,easy
288,aspen,4.19,1.9,1.0,easy
4002,osier,4.19,2.54,0.95,easy
5560,swing,4.19,4.9,1.0,easy
254,argus,4.19,2.9,1.0,easy
2101,forum,4.19,1.29,1.0,easy
2331,goats,4.19,76.63,0.99,easy
2147,frosh,4.19,1.38,1.0,easy
4899,schwa,4.19,1.45,1.0,easy
2327,gnome,4.19,2.43,1.0,easy
2263,ghent,4.19,1.11,0.98,easy
5796,titus,4.19,6.07,0.99,easy
5363,splat,4.19,3.34,0.99,easy
3041,knead,4.19,1.37,1.0,easy
5213,smell,4.19,4.53,0.99,easy
5573,swung,4.19,5.01,1.0,easy
5626,tanya,4.19,1.81,1.0,easy
4792,rutan,4.19,2.14,1.0,easy
570,blank,4.19,3.87,0.99,easy
4179,petty,4.19,5.83,0.99,easy
4184,phial,4.19,1.61,1.0,easy
708,brake,4.19,5.38,0.97,easy
5070,shrug,4.19,1.48,0.99,easy
5492,stump,4.19,4.79,0.98,easy
1600,dread,4.19,4.71,0.99,easy
1314,curio,4.19,1.6,1.0,easy
294,asset,4.19,1.56,1.0,easy
171,amber,4.19,6.45,0.99,easy
1780,enact,4.19,1.07,1.0,easy
1453,deuce,4.19,2.46,1.0,easy
757,brown,4.19,9.53,0.99,easy
2417,gripe,4.19,2.18,0.97,easy
3966,omani,4.19,1.36,1.0,easy
1614,droll,4.19,3.82,0.98,easy
6150,vitae,4.19,1.35,1.0,easy
135,alike,4.19,5.85,1.0,easy
102,aimed,4.19,8.2,0.98,easy
3271,lived,4.19,8.94,0.96,easy
3374,lunar,4.19,2.69,0.99,easy
4811,safer,4.19,7.26,0.95,easy
5388,spurs,4.19,3.01,1.0,easy
1085,clock,4.19,8.56,1.0,easy
5518,sunni,4.19,1.26,1.0,easy
5529,surya,4.19,1.32,0.99,easy
6477,yukon,4.19,1.52,0.99,easy
77,afoul,4.19,1.28,1.0,easy
6232,water,4.19,11.2,0.97,easy
6375,woolf,4.19,1.53,0.97,easy
4566,rebel,4.2,7.17,0.99,easy
1576,downs,4.2,4.01,0.99,easy
4229,pitch,4.2,8.47,0.99,easy
6292,whiff,4.2,1.89,1.0,easy
5455,stirs,4.2,6.42,0.99,easy
1030,chute,4.2,1.24,0.99,easy
2758,ictus,4.2,1.53,1.0,easy
1213,covid,4.2,1.6,0.99,easy
6141,vireo,4.2,1.64,0.99,easy
261,armor,4.2,4.62,0.98,easy
3023,kiosk,4.2,1.36,1.0,easy
4636,rhode,4.2,2.0,1.0,easy
750,broke,4.2,7.01,0.98,easy
3171,ledge,4.2,5.17,1.0,easy
490,belly,4.2,8.49,0.99,easy
1211,covet,4.2,8.66,1.0,easy
988,chick,4.2,27.87,1.0,easy
3942,offal,4.2,1.57,1.0,easy
12,abets,4.2,2.15,1.0,easy
1811,erika,4.2,1.44,1.0,easy
2979,katie,4.2,1.76,0.99,easy
5647,taste,4.2,5.48,0.99,easy
3607,mimic,4.2,8.7,1.0,easy
5357,spiro,4.2,1.82,0.97,easy
4125,peale,4.2,1.26,1.0,easy
4067,panel,4.2,3.88,0.99,easy
1635,ducat,4.2,2.34,1.0,easy
1839,evans,4.2,1.3,0.99,easy
3326,lords,4.2,8.14,0.95,easy
6079,vault,4.2,6.1,0.99,easy
6001,ulnar,4.2,1.32,1.0,easy
4573,recto,4.2,1.17,1.0,easy
1555,doric,4.2,2.28,1.0,easy
4866,saudi,4.2,1.63,0.99,easy
5011,shark,4.2,5.59,1.0,easy
68,advil,4.2,1.81,0.99,easy
6247,weave,4.2,3.64,0.99,easy
1425,deist,4.2,1.93,0.99,easy
6042,urban,4.2,1.36,1.0,easy
6057,utter,4.21,14.12,0.98,easy
1627,drupe,4.21,1.85,1.0,easy
4379,prone,4.21,9.49,0.98,easy
6065,valet,4.21,2.95,0.98,easy
4405,puget,4.21,2.13,0.99,easy
4572,recon,4.21,1.91,0.99,easy
1897,farce,4.21,2.51,1.0,easy
1773,emily,4.21,1.21,1.0,easy
1371,daryl,4.21,1.31,1.0,easy
1305,cupid,4.21,2.77,1.0,easy
682,bough,4.21,4.49,0.99,easy
3330,lorna,4.21,1.44,1.0,easy
3286,lobar,4.21,1.29,1.0,easy
3694,morph,4.21,1.4,1.0,easy
3427,maine,4.21,12.22,0.99,easy
4700,robyn,4.21,1.33,1.0,easy
1733,eland,4.21,1.27,1.0,easy
5479,stray,4.21,3.01,0.99,easy
2637,hoard,4.21,2.82,1.0,easy
916,carve,4.21,2.97,0.98,easy
3032,klein,4.21,1.45,1.0,easy
760,bruin,4.21,1.24,1.0,easy
2436,gruel,4.21,2.49,0.99,easy
1243,crazy,4.21,5.3,0.99,easy
4762,ruble,4.21,66.31,1.0,easy
2871,jason,4.21,7.21,1.0,easy
301,atari,4.21,1.77,1.0,easy
2902,jihad,4.21,1.48,1.0,easy
1014,chomp,4.21,1.65,1.0,easy
3910,nyasa,4.21,1.4,0.99,easy
5734,thole,4.21,1.54,0.99,easy
2404,greet,4.21,3.99,0.97,easy
3928,occam,4.21,1.64,1.0,easy
4910,scott,4.21,3.73,0.99,easy
1303,cumin,4.21,1.48,1.0,easy
2138,frito,4.21,1.3,0.97,easy
3939,odets,4.21,1.93,0.98,easy
4666,ringo,4.21,1.67,1.0,easy
955,chaff,4.21,4.71,1.0,easy
3385,lurks,4.21,5.11,0.98,easy
5060,shots,4.21,8.23,0.99,easy
715,bravo,4.21,2.66,0.98,easy
5116,sisal,4.21,1.4,1.0,easy
144,alley,4.21,2.86,1.0,easy
2785,incas,4.21,1.48,1.0,easy
2992,kelli,4.21,1.81,1.0,easy
3007,khufu,4.21,1.14,1.0,easy
2809,intel,4.21,1.31,1.0,easy
1027,chunk,4.21,1.45,1.0,easy
5537,swamp,4.21,3.38,1.0,easy
1508,ditsy,4.21,1.29,0.99,easy
4433,pusan,4.21,1.15,1.0,easy
6387,wotan,4.21,2.08,0.98,easy
4608,reorg,4.22,1.71,1.0,easy
4142,peggy,4.22,7.45,1.0,easy
3913,oaken,4.22,2.76,1.0,easy
3779,nails,4.22,8.86,0.93,easy
3759,mylar,4.22,1.92,1.0,easy
3888,noted,4.22,3.55,0.98,easy
3712,mousy,4.22,1.77,0.99,easy
1201,couch,4.22,5.9,0.98,easy
5577,syncs,4.22,1.7,1.0,easy
928,caulk,4.22,1.98,1.0,easy
2015,flaky,4.22,2.96,0.98,easy
1981,filth,4.22,3.24,0.99,easy
5739,thous,4.22,1.41,1.0,easy
3815,nelda,4.22,1.37,1.0,easy
5667,tease,4.22,1.99,0.98,easy
3603,milne,4.22,1.87,0.99,easy
3949,ogles,4.22,1.46,0.99,easy
5520,sunup,4.22,1.47,1.0,easy
5631,tapir,4.22,1.54,1.0,easy
5024,sheer,4.22,9.58,0.99,easy
1868,exurb,4.22,66.26,1.0,easy
1326,cutup,4.22,1.32,1.0,easy
35,acres,4.22,4.19,0.98,easy
734,brief,4.22,9.41,0.98,easy
5394,squaw,4.22,14.3,0.99,easy
2774,illus,4.22,2.21,1.0,easy
5457,stock,4.22,3.71,1.0,easy
24,abuts,4.22,1.43,1.0,easy
6160,vogue,4.22,3.42,1.0,easy
1603,dregs,4.22,3.62,0.97,easy
1577,downy,4.22,2.51,0.99,easy
3197,leper,4.22,8.94,0.99,easy
6148,visor,4.22,1.86,0.99,easy
3110,lands,4.22,11.31,0.97,easy
3152,layup,4.22,1.92,1.0,easy
2832,isiah,4.22,3.15,1.0,easy
4148,pence,4.22,6.26,1.0,easy
4123,peaks,4.22,8.31,0.98,easy
1765,emacs,4.22,1.69,1.0,easy
1818,eruct,4.22,1.2,1.0,easy
5467,stops,4.22,4.49,0.99,easy
3038,knack,4.22,2.5,1.0,easy
5313,soyuz,4.22,2.22,0.99,easy
58,admen,4.22,1.45,0.99,easy
62,adobe,4.22,1.13,1.0,easy
2778,imbue,4.22,1.76,1.0,easy
281,ashes,4.22,6.3,0.99,easy
6109,verso,4.22,1.45,0.99,easy
4478,quire,4.22,5.06,0.99,easy
1594,drano,4.22,1.29,1.0,easy
4271,plumb,4.23,3.07,0.99,easy
6107,versa,4.23,1.24,1.0,easy
5101,silva,4.23,1.4,1.0,easy
5322,spare,4.23,3.85,0.99,easy
2987,kebab,4.23,1.51,1.0,easy
3039,knapp,4.23,1.31,1.0,easy
3079,kusch,4.23,1.35,1.0,easy
5845,total,4.23,8.2,0.98,easy
761,bruit,4.23,1.36,1.0,easy
3315,looks,4.23,13.82,0.98,easy
600,blond,4.23,1.57,0.99,easy
6116,vials,4.23,3.53,0.99,easy
4253,plays,4.23,95.46,0.96,easy
4726,rooms,4.23,6.31,0.99,easy
172,ambit,4.23,1.25,0.99,easy
181,amish,4.23,1.42,1.0,easy
867,camel,4.23,3.62,1.0,easy
2623,hindu,4.23,2.34,1.0,easy
5502,sudan,4.23,1.34,1.0,easy
4516,ralph,4.23,1.46,1.0,easy
5974,twerp,4.23,1.72,0.98,easy
4189,photo,4.23,1.27,1.0,easy
1118,cobra,4.23,1.64,1.0,easy
2450,guile,4.23,9.9,0.99,easy
2242,gecko,4.23,1.68,1.0,easy
3726,mufti,4.23,1.2,1.0,easy
4953,seiko,4.23,1.54,0.99,easy
3839,nigel,4.23,1.53,0.98,easy
3809,needs,4.23,8.29,0.97,easy
197,angie,4.23,2.85,1.0,easy
3206,level,4.23,9.04,1.0,easy
1861,expat,4.23,1.61,1.0,easy
3287,lobby,4.23,16.03,0.99,easy
1267,crimp,4.23,1.72,0.99,easy
4773,rules,4.23,7.72,0.99,easy
4729,roots,4.23,5.58,0.98,easy
1642,duels,4.23,2.52,0.98,easy
1819,erupt,4.23,1.38,1.0,easy
2519,haply,4.23,15.02,0.97,easy
326,avert,4.23,2.71,1.0,easy
3182,legit,4.23,1.54,0.99,easy
508,berta,4.23,1.45,1.0,easy
4010,outdo,4.23,1.73,1.0,easy
4618,resit,4.23,1.33,0.98,easy
1893,fancy,4.23,16.61,0.96,easy
1617,droop,4.23,4.11,1.0,easy
1401,debug,4.23,1.57,1.0,easy
6010,unbid,4.23,1.53,0.98,easy
577,bleak,4.23,3.28,1.0,easy
987,chiba,4.23,1.59,0.99,easy
4488,quoth,4.23,2.49,1.0,easy
4569,rebut,4.23,2.55,0.98,easy
286,asoka,4.23,1.45,1.0,easy
4577,redye,4.24,1.6,0.99,easy
4231,piton,4.24,1.52,1.0,easy
6129,vigor,4.24,3.72,0.99,easy
289,aspic,4.24,1.48,0.98,easy
6210,walsh,4.24,1.53,1.0,easy
125,aleut,4.24,1.31,0.99,easy
3050,knobs,4.24,15.73,1.0,easy
1005,chirp,4.24,1.78,0.97,easy
3224,liens,4.24,1.53,0.97,easy
4805,sacra,4.24,1.74,0.99,easy
2093,forge,4.24,8.01,1.0,easy
173,amble,4.24,1.23,0.99,easy
1776,emoji,4.24,4.11,1.0,easy
3799,naval,4.24,6.64,1.0,easy
5411,stalk,4.24,7.27,0.94,easy
717,brawn,4.24,2.3,0.99,easy
2339,golan,4.24,3.71,1.0,easy
1940,fence,4.24,6.99,1.0,easy
3926,ocala,4.24,1.8,1.0,easy
3714,moved,4.24,75.23,0.98,easy
5244,snipe,4.24,1.86,1.0,easy
4085,paris,4.24,9.5,0.95,easy
1763,elvis,4.24,2.28,1.0,easy
4702,rocha,4.24,1.47,1.0,easy
4900,scion,4.24,1.64,1.0,easy
4055,pairs,4.24,6.81,0.99,easy
830,bylaw,4.24,1.4,0.99,easy
4487,quote,4.24,2.5,1.0,easy
39,acton,4.24,1.85,1.0,easy
3968,omens,4.24,3.08,0.99,easy
4720,ronda,4.24,2.01,0.98,easy
2433,grown,4.24,4.43,0.94,easy
5480,strep,4.24,1.43,0.99,easy
5486,strut,4.24,1.39,0.99,easy
5131,skein,4.24,1.36,0.99,easy
2836,issac,4.24,2.34,0.99,easy
1605,dried,4.24,6.87,0.97,easy
4106,patsy,4.24,1.3,0.99,easy
2891,jesse,4.25,4.99,1.0,easy
3011,kieth,4.25,1.41,0.96,easy
2784,inbox,4.25,1.83,1.0,easy
2792,indra,4.25,2.13,1.0,easy
4482,quito,4.25,2.02,1.0,easy
2697,houma,4.25,1.85,1.0,easy
2646,hogan,4.25,2.78,1.0,easy
5485,strum,4.25,2.03,1.0,easy
725,brest,4.25,2.88,0.98,easy
4518,ramie,4.25,1.77,1.0,easy
5815,tombs,4.25,5.11,0.97,easy
5850,tough,4.25,3.24,0.99,easy
1837,euros,4.25,2.52,0.98,easy
3645,mobil,4.25,1.25,1.0,easy
3646,mocha,4.25,1.44,1.0,easy
3596,milch,4.25,4.85,0.99,easy
2604,hewed,4.25,7.7,0.97,easy
1932,feign,4.25,2.37,0.99,easy
4808,sadhu,4.25,1.42,1.0,easy
4639,rials,4.25,1.31,0.99,easy
3352,luann,4.25,1.67,1.0,easy
3357,lucia,4.25,2.43,1.0,easy
737,brigs,4.25,3.91,0.99,easy
5766,tilde,4.25,1.39,0.99,easy
5787,tired,4.25,9.28,0.98,easy
3481,marsh,4.25,1.44,0.99,easy
5407,stain,4.25,3.19,0.96,easy
5544,swath,4.25,1.65,0.99,easy
5516,sumac,4.25,1.4,0.99,easy
3254,lingo,4.25,3.63,0.96,easy
2489,hague,4.25,1.16,1.0,easy
2570,hebei,4.25,1.7,1.0,easy
5558,swims,4.25,6.34,0.98,easy
869,camps,4.25,7.55,0.99,easy
3807,neath,4.25,1.37,1.0,easy
180,amino,4.25,1.5,1.0,easy
1696,easts,4.25,2.0,0.96,easy
4978,servo,4.25,4.63,0.99,easy
4869,saved,4.25,7.97,0.97,easy
207,anita,4.25,1.52,1.0,easy
1116,coats,4.25,17.03,0.96,easy
2317,glued,4.25,5.56,0.99,easy
5791,titan,4.25,1.5,0.97,easy
1707,edams,4.25,1.72,0.98,easy
1758,elude,4.25,10.22,1.0,easy
6158,vocal,4.25,4.03,0.99,easy
4743,roust,4.25,1.2,0.99,easy
3953,okapi,4.25,1.5,1.0,easy
2401,greek,4.25,8.54,0.99,easy
273,aruba,4.25,1.68,1.0,easy
995,chill,4.25,3.93,0.97,easy
5332,speck,4.25,2.24,0.98,easy
5998,ukase,4.25,2.09,0.98,easy
1476,digit,4.25,1.78,1.0,easy
312,audio,4.25,1.55,1.0,easy
4241,plait,4.25,2.83,1.0,easy
1646,dukes,4.25,7.42,0.97,easy
1677,dweeb,4.25,1.37,1.0,easy
6448,yearn,4.25,1.27,1.0,easy
4557,react,4.25,1.98,1.0,easy
